ShipmentID,Date,CustomerID,ShippingMethod,Origin,Destination,DeliveryDays,ShipmentCost
S00001,2/10/2021 0:00,C0302,Air,Jeddah,Abha,5,1729.26
S00002,4/8/2025 0:00,C0162,Sea,Jeddah,Madinah,9,1880.67
S00003,10/27/2024 0:00,C0075,Air,Riyadh,Dammam,2,2380.49
S00004,4/9/2025 0:00,C0039,Air,Riyadh,Makkah,6,4507.13
S00005,11/27/2022 0:00,C0354,Sea,Riyadh,Madinah,8,1253.29
S00006,9/4/2024 0:00,C0396,Road,Jeddah,Dammam,4,4763.77
S00007,5/14/2023 0:00,C0114,Air,Jeddah,Madinah,10,2690.43
S00008,2/26/2021 0:00,C0077,Air,Dammam,Dammam,5,3049.37
S00009,9/13/2021 0:00,C0183,Air,Riyadh,Madinah,9,4117.42
S00010,6/30/2021 0:00,C0442,Sea,Dammam,Jeddah,5,4219.77
S00011,9/5/2025 0:00,C0096,Air,Dammam,Dammam,10,1529.05
S00012,8/25/2022 0:00,C0197,Sea,Jeddah,Jeddah,4,270.52
S00013,11/12/2022 0:00,C0477,Road,Dammam,Jeddah,4,2198.28
S00014,3/13/2021 0:00,C0162,Air,Jeddah,Abha,3,2646.33
S00015,7/22/2024 0:00,C0441,Sea,Dammam,Madinah,10,3326.4
S00016,10/21/2025 0:00,C0273,Air,Dammam,Makkah,1,1787.14
S00017,10/13/2021 0:00,C0062,Road,Jeddah,Abha,1,3657.22
S00018,9/12/2023 0:00,C0147,Air,Dammam,Riyadh,1,4909.05
S00019,10/13/2022 0:00,C0453,Road,Dammam,Abha,9,3542.2
S00020,6/30/2022 0:00,C0189,Road,Riyadh,Madinah,5,4046.58
S00021,4/17/2024 0:00,C0496,Air,Riyadh,Riyadh,7,817.94
S00022,2/3/2023 0:00,C0026,Road,Dammam,Abha,7,1977.41
S00023,10/25/2021 0:00,C0471,Road,Dammam,Riyadh,1,1866.91
S00024,4/9/2025 0:00,C0162,Sea,Jeddah,Riyadh,2,164.82
S00025,6/22/2023 0:00,C0394,Road,Dammam,Riyadh,7,673.63
S00026,12/26/2023 0:00,C0195,Road,Riyadh,Riyadh,5,1414.34
S00027,9/21/2021 0:00,C0412,Sea,Riyadh,Makkah,1,654.72
S00028,10/31/2020 0:00,C0314,Sea,Jeddah,Makkah,2,1093.76
S00029,6/25/2020 0:00,C0358,Road,Jeddah,Abha,10,1561.27
S00030,11/15/2020 0:00,C0342,Road,Dammam,Abha,5,1667.98
S00031,9/23/2025 0:00,C0363,Road,Jeddah,Jeddah,7,4843.59
S00032,8/1/2020 0:00,C0237,Road,Dammam,Madinah,9,4147.62
S00033,8/8/2023 0:00,C0466,Air,Jeddah,Makkah,1,573.44
S00034,6/22/2022 0:00,C0265,Air,Jeddah,Dammam,9,644.82
S00035,2/29/2020 0:00,C0333,Sea,Riyadh,Jeddah,3,4952.55
S00036,7/20/2020 0:00,C0368,Air,Jeddah,Makkah,8,1131.32
S00037,3/15/2020 0:00,C0153,Sea,Dammam,Madinah,10,3018.2
S00038,6/6/2023 0:00,C0384,Sea,Dammam,Dammam,9,2211.06
S00039,7/15/2023 0:00,C0310,Sea,Dammam,Abha,9,2965.38
S00040,8/1/2025 0:00,C0491,Road,Riyadh,Dammam,7,3358.52
S00041,6/5/2025 0:00,C0167,Air,Dammam,Dammam,3,2197.67
S00042,6/8/2023 0:00,C0123,Road,Riyadh,Makkah,5,3727.8
S00043,7/12/2021 0:00,C0271,Sea,Riyadh,Jeddah,1,2946.86
S00044,9/24/2021 0:00,C0451,Air,Dammam,Madinah,7,3213.48
S00045,1/1/2022 0:00,C0369,Air,Dammam,Makkah,5,331.17
S00046,3/19/2024 0:00,C0154,Air,Riyadh,Makkah,2,2215.24
S00047,9/26/2023 0:00,C0196,Sea,Jeddah,Dammam,1,3224.53
S00048,10/15/2025 0:00,C0088,Road,Jeddah,Riyadh,9,4767.63
S00049,5/25/2024 0:00,C0391,Air,Dammam,Abha,2,186.76
S00050,4/13/2021 0:00,C0483,Sea,Jeddah,Abha,2,4036.83
S00051,7/14/2022 0:00,C0134,Sea,Riyadh,Madinah,2,4573.17
S00052,8/20/2025 0:00,C0127,Sea,Dammam,Makkah,8,3794.38
S00053,9/15/2025 0:00,C0439,Air,Dammam,Jeddah,8,3477.76
S00054,7/1/2024 0:00,C0198,Road,Dammam,Makkah,7,3326.36
S00055,7/11/2024 0:00,C0078,Sea,Dammam,Makkah,9,208.21
S00056,5/13/2020 0:00,C0329,Sea,Riyadh,Riyadh,4,1358.47
S00057,11/18/2024 0:00,C0404,Air,Dammam,Makkah,5,1194.75
S00058,9/10/2023 0:00,C0177,Sea,Riyadh,Riyadh,8,2812.54
S00059,7/27/2023 0:00,C0330,Air,Riyadh,Abha,10,764.37
S00060,10/14/2021 0:00,C0135,Sea,Dammam,Jeddah,7,401.51
S00061,5/8/2023 0:00,C0311,Air,Riyadh,Makkah,7,273.12
S00062,4/30/2022 0:00,C0311,Air,Riyadh,Riyadh,5,3155.98
S00063,10/14/2021 0:00,C0288,Road,Jeddah,Dammam,2,4254.28
S00064,3/14/2024 0:00,C0030,Sea,Riyadh,Dammam,4,938.78
S00065,11/21/2021 0:00,C0150,Sea,Riyadh,Dammam,8,3998.17
S00066,4/4/2020 0:00,C0011,Air,Riyadh,Dammam,8,783.37
S00067,1/3/2025 0:00,C0457,Air,Jeddah,Abha,4,4699.87
S00068,4/23/2024 0:00,C0458,Sea,Riyadh,Dammam,6,2816
S00069,3/6/2023 0:00,C0476,Road,Dammam,Riyadh,4,817.24
S00070,12/10/2020 0:00,C0118,Air,Jeddah,Riyadh,6,4009.78
S00071,1/21/2024 0:00,C0356,Air,Jeddah,Dammam,3,1322.13
S00072,2/8/2021 0:00,C0249,Air,Dammam,Abha,6,4880.34
S00073,10/29/2023 0:00,C0465,Road,Jeddah,Dammam,4,3932.49
S00074,2/19/2025 0:00,C0107,Air,Jeddah,Riyadh,10,1000.85
S00075,3/11/2022 0:00,C0460,Sea,Dammam,Abha,6,3382.96
S00076,12/29/2022 0:00,C0184,Sea,Riyadh,Jeddah,7,2419.82
S00077,7/6/2021 0:00,C0130,Sea,Jeddah,Abha,10,4194.67
S00078,4/18/2025 0:00,C0468,Air,Riyadh,Dammam,6,1327.65
S00079,12/1/2023 0:00,C0194,Road,Jeddah,Dammam,5,4504.33
S00080,11/3/2020 0:00,C0236,Road,Dammam,Dammam,4,3603.02
S00081,5/30/2020 0:00,C0011,Air,Dammam,Jeddah,8,1728.34
S00082,10/8/2025 0:00,C0013,Sea,Dammam,Madinah,2,2723.72
S00083,2/17/2021 0:00,C0136,Sea,Dammam,Madinah,7,3118.93
S00084,10/21/2020 0:00,C0107,Air,Jeddah,Riyadh,2,1252.49
S00085,8/30/2021 0:00,C0255,Sea,Dammam,Riyadh,10,2140.91
S00086,3/29/2020 0:00,C0193,Sea,Dammam,Jeddah,9,105.93
S00087,8/8/2021 0:00,C0005,Road,Riyadh,Jeddah,5,2909.57
S00088,10/26/2024 0:00,C0212,Air,Riyadh,Madinah,7,2844.61
S00089,12/13/2022 0:00,C0053,Road,Riyadh,Madinah,1,2654.82
S00090,1/22/2024 0:00,C0470,Sea,Jeddah,Makkah,10,1349.46
S00091,10/25/2024 0:00,C0334,Sea,Jeddah,Riyadh,2,1348.08
S00092,12/2/2024 0:00,C0184,Sea,Jeddah,Jeddah,2,4597.28
S00093,10/25/2025 0:00,C0282,Sea,Jeddah,Jeddah,6,1000.38
S00094,10/5/2024 0:00,C0132,Road,Jeddah,Madinah,9,3612.46
S00095,10/13/2024 0:00,C0329,Sea,Jeddah,Makkah,8,3233.63
S00096,2/28/2025 0:00,C0127,Air,Dammam,Dammam,5,4209.93
S00097,12/1/2021 0:00,C0168,Sea,Riyadh,Jeddah,2,592.41
S00098,12/23/2022 0:00,C0257,Air,Jeddah,Riyadh,9,2225.43
S00099,5/28/2020 0:00,C0050,Air,Riyadh,Madinah,1,1261.47
S00100,1/22/2021 0:00,C0077,Air,Riyadh,Abha,2,3892.31
S00101,11/21/2024 0:00,C0380,Sea,Riyadh,Makkah,3,2750.85
S00102,1/8/2024 0:00,C0388,Air,Jeddah,Dammam,5,2602.84
S00103,6/7/2023 0:00,C0367,Air,Riyadh,Riyadh,6,1566.3
S00104,7/4/2020 0:00,C0443,Air,Riyadh,Dammam,8,966.42
S00105,6/11/2020 0:00,C0138,Air,Dammam,Dammam,3,4858.5
S00106,12/3/2025 0:00,C0265,Road,Riyadh,Dammam,10,1869.78
S00107,7/1/2024 0:00,C0480,Air,Jeddah,Madinah,9,2518.31
S00108,9/18/2025 0:00,C0044,Road,Riyadh,Riyadh,1,2330.49
S00109,8/31/2022 0:00,C0400,Air,Riyadh,Jeddah,4,3552.3
S00110,11/4/2023 0:00,C0108,Air,Dammam,Makkah,6,3622.08
S00111,9/30/2020 0:00,C0345,Road,Dammam,Makkah,6,233.35
S00112,12/25/2024 0:00,C0019,Road,Dammam,Jeddah,8,2814.13
S00113,11/22/2020 0:00,C0313,Air,Dammam,Riyadh,10,3071.02
S00114,8/2/2025 0:00,C0434,Road,Dammam,Abha,10,2869.54
S00115,8/1/2022 0:00,C0389,Air,Jeddah,Madinah,1,867.74
S00116,1/25/2022 0:00,C0492,Road,Riyadh,Abha,2,3014.68
S00117,8/12/2020 0:00,C0222,Road,Jeddah,Dammam,10,957.72
S00118,10/16/2023 0:00,C0257,Road,Dammam,Madinah,3,4070.94
S00119,10/26/2023 0:00,C0220,Sea,Jeddah,Jeddah,7,2635.28
S00120,8/3/2024 0:00,C0204,Air,Jeddah,Jeddah,5,4475.77
S00121,5/6/2023 0:00,C0352,Road,Jeddah,Riyadh,6,2354.24
S00122,12/16/2022 0:00,C0214,Road,Jeddah,Dammam,2,289.12
S00123,7/15/2020 0:00,C0085,Sea,Dammam,Makkah,2,4813.86
S00124,9/8/2024 0:00,C0483,Air,Riyadh,Jeddah,9,2313.89
S00125,2/21/2025 0:00,C0252,Air,Dammam,Madinah,5,4895.43
S00126,1/19/2020 0:00,C0090,Air,Dammam,Madinah,6,4094.83
S00127,11/22/2020 0:00,C0421,Air,Dammam,Abha,7,4612.07
S00128,5/2/2025 0:00,C0156,Sea,Riyadh,Abha,4,607.04
S00129,5/24/2020 0:00,C0273,Sea,Dammam,Abha,1,4229.02
S00130,10/3/2020 0:00,C0029,Sea,Riyadh,Riyadh,5,1294.56
S00131,8/19/2023 0:00,C0176,Air,Jeddah,Abha,9,2028.7
S00132,5/1/2022 0:00,C0077,Sea,Jeddah,Madinah,6,4851.32
S00133,6/29/2020 0:00,C0191,Sea,Dammam,Makkah,7,4445.2
S00134,7/4/2024 0:00,C0381,Road,Dammam,Madinah,6,974.8
S00135,8/7/2021 0:00,C0329,Air,Jeddah,Riyadh,10,3545.96
S00136,7/19/2025 0:00,C0383,Sea,Jeddah,Makkah,10,4027.3
S00137,12/7/2025 0:00,C0159,Road,Jeddah,Riyadh,2,1855.41
S00138,10/20/2023 0:00,C0370,Air,Dammam,Madinah,8,2035.14
S00139,5/24/2024 0:00,C0049,Road,Jeddah,Dammam,6,258.59
S00140,4/6/2025 0:00,C0083,Air,Dammam,Madinah,2,2386.83
S00141,8/27/2024 0:00,C0002,Sea,Jeddah,Riyadh,2,857.3
S00142,3/4/2023 0:00,C0479,Road,Jeddah,Makkah,3,224.77
S00143,4/27/2025 0:00,C0013,Air,Riyadh,Makkah,5,743.89
S00144,10/14/2024 0:00,C0190,Air,Dammam,Abha,3,1866.47
S00145,6/6/2024 0:00,C0046,Road,Jeddah,Jeddah,4,608.58
S00146,5/21/2022 0:00,C0036,Sea,Riyadh,Abha,4,3636.54
S00147,7/17/2021 0:00,C0028,Air,Dammam,Madinah,1,3751.8
S00148,1/6/2020 0:00,C0056,Road,Dammam,Makkah,1,3759.4
S00149,9/21/2024 0:00,C0434,Sea,Dammam,Madinah,8,3169.23
S00150,5/20/2022 0:00,C0225,Road,Riyadh,Madinah,8,1543.98
S00151,12/27/2020 0:00,C0243,Sea,Riyadh,Madinah,4,1334.33
S00152,4/6/2023 0:00,C0453,Road,Riyadh,Makkah,2,4972.24
S00153,1/31/2023 0:00,C0287,Road,Jeddah,Riyadh,2,1378.93
S00154,4/15/2022 0:00,C0475,Sea,Riyadh,Madinah,7,4463.19
S00155,5/6/2021 0:00,C0110,Sea,Dammam,Abha,1,284.66
S00156,1/4/2025 0:00,C0214,Road,Riyadh,Madinah,1,3589.74
S00157,2/19/2022 0:00,C0314,Sea,Riyadh,Madinah,4,4432.96
S00158,5/16/2021 0:00,C0167,Air,Riyadh,Makkah,1,3401.41
S00159,1/30/2025 0:00,C0269,Road,Jeddah,Jeddah,10,541.31
S00160,4/29/2022 0:00,C0211,Air,Riyadh,Dammam,1,1018.16
S00161,10/5/2021 0:00,C0339,Air,Riyadh,Dammam,7,2205.57
S00162,12/10/2022 0:00,C0036,Air,Dammam,Madinah,5,2377.83
S00163,12/7/2025 0:00,C0472,Road,Dammam,Jeddah,4,4017.31
S00164,3/29/2023 0:00,C0103,Air,Jeddah,Riyadh,3,2196.4
S00165,7/21/2020 0:00,C0170,Sea,Riyadh,Riyadh,4,886.13
S00166,11/10/2025 0:00,C0323,Road,Riyadh,Dammam,10,1462.4
S00167,7/6/2022 0:00,C0180,Road,Dammam,Madinah,7,4679.02
S00168,7/15/2022 0:00,C0477,Road,Jeddah,Madinah,10,593.61
S00169,7/21/2021 0:00,C0089,Sea,Riyadh,Riyadh,1,3050.5
S00170,7/28/2020 0:00,C0200,Air,Dammam,Dammam,4,1826
S00171,1/15/2022 0:00,C0202,Sea,Riyadh,Jeddah,7,2593.01
S00172,1/31/2021 0:00,C0497,Road,Dammam,Madinah,7,4675.02
S00173,1/23/2024 0:00,C0363,Road,Jeddah,Makkah,2,1336.57
S00174,1/28/2024 0:00,C0436,Air,Riyadh,Makkah,7,4520.75
S00175,1/20/2024 0:00,C0242,Air,Dammam,Jeddah,10,199.16
S00176,8/19/2021 0:00,C0058,Sea,Riyadh,Jeddah,3,1397.65
S00177,5/8/2024 0:00,C0324,Sea,Jeddah,Abha,4,2288.37
S00178,3/2/2025 0:00,C0095,Road,Dammam,Makkah,9,3088.23
S00179,6/8/2022 0:00,C0247,Air,Jeddah,Jeddah,6,3090.47
S00180,7/8/2020 0:00,C0125,Sea,Riyadh,Riyadh,10,1392.11
S00181,4/9/2022 0:00,C0278,Road,Riyadh,Makkah,1,2048.74
S00182,9/10/2025 0:00,C0407,Road,Riyadh,Riyadh,2,2901.57
S00183,5/18/2021 0:00,C0114,Road,Jeddah,Abha,9,4896.36
S00184,4/19/2024 0:00,C0207,Road,Riyadh,Riyadh,10,2980.27
S00185,9/23/2021 0:00,C0171,Air,Jeddah,Jeddah,9,191.39
S00186,8/31/2021 0:00,C0117,Sea,Jeddah,Madinah,7,901.93
S00187,7/28/2023 0:00,C0034,Road,Jeddah,Jeddah,8,476.1
S00188,4/5/2020 0:00,C0153,Sea,Dammam,Jeddah,2,2741.06
S00189,12/9/2020 0:00,C0266,Air,Jeddah,Abha,8,252.86
S00190,5/1/2023 0:00,C0152,Sea,Dammam,Jeddah,1,3428.37
S00191,11/30/2024 0:00,C0188,Road,Riyadh,Madinah,9,829.46
S00192,1/15/2024 0:00,C0062,Sea,Jeddah,Riyadh,5,920.66
S00193,3/12/2022 0:00,C0174,Road,Riyadh,Makkah,8,4048.15
S00194,5/8/2021 0:00,C0011,Road,Riyadh,Jeddah,3,4525.65
S00195,4/2/2024 0:00,C0217,Air,Dammam,Dammam,2,756.86
S00196,4/7/2021 0:00,C0299,Sea,Dammam,Abha,1,1721.8
S00197,1/2/2022 0:00,C0281,Road,Riyadh,Abha,3,1533.07
S00198,2/16/2024 0:00,C0002,Road,Riyadh,Abha,7,2562.21
S00199,2/21/2024 0:00,C0124,Sea,Jeddah,Makkah,7,2903.96
S00200,5/20/2022 0:00,C0033,Road,Jeddah,Abha,4,4486.36
S00201,11/29/2021 0:00,C0262,Sea,Jeddah,Abha,4,562.48
S00202,7/19/2020 0:00,C0116,Road,Riyadh,Riyadh,1,3841.83
S00203,1/5/2020 0:00,C0196,Sea,Dammam,Abha,7,3421.02
S00204,9/19/2021 0:00,C0346,Air,Jeddah,Madinah,4,4752.23
S00205,10/16/2024 0:00,C0397,Air,Dammam,Dammam,4,694.68
S00206,12/17/2024 0:00,C0199,Air,Dammam,Riyadh,3,2894.12
S00207,2/23/2024 0:00,C0188,Sea,Jeddah,Abha,10,2080.12
S00208,6/3/2022 0:00,C0181,Air,Jeddah,Makkah,1,4869.32
S00209,11/8/2024 0:00,C0408,Sea,Jeddah,Abha,2,3936.11
S00210,12/11/2024 0:00,C0421,Road,Jeddah,Jeddah,10,4112.54
S00211,10/7/2022 0:00,C0492,Sea,Jeddah,Madinah,4,1698.34
S00212,4/15/2022 0:00,C0421,Road,Jeddah,Dammam,2,1692.76
S00213,8/18/2025 0:00,C0025,Sea,Riyadh,Madinah,1,158.4
S00214,4/30/2023 0:00,C0431,Sea,Riyadh,Jeddah,1,267.47
S00215,8/22/2025 0:00,C0039,Air,Riyadh,Jeddah,3,521.18
S00216,1/21/2024 0:00,C0335,Road,Riyadh,Riyadh,10,605.49
S00217,6/14/2021 0:00,C0227,Sea,Dammam,Dammam,4,3320.94
S00218,5/25/2023 0:00,C0220,Air,Riyadh,Riyadh,2,4918.69
S00219,11/29/2023 0:00,C0424,Road,Riyadh,Dammam,1,4258.55
S00220,8/2/2022 0:00,C0483,Air,Jeddah,Makkah,3,1247.16
S00221,8/1/2025 0:00,C0081,Road,Riyadh,Dammam,1,2213.69
S00222,11/1/2025 0:00,C0372,Air,Jeddah,Madinah,10,4453.1
S00223,6/27/2025 0:00,C0012,Road,Riyadh,Madinah,2,1209.06
S00224,6/15/2025 0:00,C0038,Sea,Riyadh,Dammam,10,2285.78
S00225,8/21/2024 0:00,C0418,Sea,Riyadh,Jeddah,6,3650.48
S00226,6/20/2020 0:00,C0105,Road,Riyadh,Madinah,4,594.25
S00227,6/26/2023 0:00,C0483,Road,Jeddah,Makkah,7,4808.35
S00228,9/16/2023 0:00,C0486,Sea,Riyadh,Jeddah,3,1863.71
S00229,7/2/2020 0:00,C0124,Air,Dammam,Jeddah,8,4324.74
S00230,3/22/2020 0:00,C0149,Air,Dammam,Riyadh,1,3638.12
S00231,6/14/2025 0:00,C0038,Road,Riyadh,Madinah,1,1612.12
S00232,3/11/2021 0:00,C0030,Air,Jeddah,Jeddah,2,3033.74
S00233,5/5/2021 0:00,C0252,Sea,Dammam,Dammam,1,4621.43
S00234,6/27/2020 0:00,C0311,Air,Dammam,Madinah,9,1828.07
S00235,12/20/2023 0:00,C0181,Air,Riyadh,Riyadh,1,2497.88
S00236,5/31/2021 0:00,C0010,Road,Jeddah,Abha,9,3213.03
S00237,9/21/2021 0:00,C0235,Air,Jeddah,Jeddah,6,1207.55
S00238,2/4/2023 0:00,C0246,Sea,Dammam,Abha,2,949.29
S00239,8/27/2022 0:00,C0152,Sea,Riyadh,Abha,5,317.72
S00240,1/2/2021 0:00,C0301,Sea,Riyadh,Jeddah,2,1989.44
S00241,3/30/2025 0:00,C0265,Road,Dammam,Jeddah,5,1682.68
S00242,5/10/2025 0:00,C0036,Air,Dammam,Makkah,10,1349.09
S00243,7/21/2023 0:00,C0451,Sea,Jeddah,Dammam,3,2220.03
S00244,7/12/2021 0:00,C0349,Air,Riyadh,Abha,4,1925.66
S00245,1/8/2021 0:00,C0303,Sea,Jeddah,Jeddah,9,1281.29
S00246,12/12/2024 0:00,C0397,Road,Dammam,Jeddah,1,2541.52
S00247,1/1/2023 0:00,C0379,Road,Riyadh,Abha,10,3114.77
S00248,8/15/2024 0:00,C0297,Sea,Jeddah,Abha,7,1976.23
S00249,9/2/2021 0:00,C0020,Air,Dammam,Abha,1,501.4
S00250,6/3/2025 0:00,C0234,Road,Jeddah,Madinah,3,1016.56
S00251,11/27/2024 0:00,C0463,Road,Riyadh,Dammam,8,2395.05
S00252,3/24/2021 0:00,C0159,Air,Jeddah,Jeddah,1,2022.38
S00253,5/28/2021 0:00,C0199,Air,Jeddah,Riyadh,2,434.66
S00254,2/6/2020 0:00,C0392,Road,Riyadh,Makkah,7,3980.37
S00255,3/9/2021 0:00,C0448,Road,Riyadh,Makkah,6,697.92
S00256,10/10/2020 0:00,C0357,Road,Dammam,Riyadh,6,2822.92
S00257,12/14/2025 0:00,C0058,Air,Riyadh,Makkah,7,1851.87
S00258,9/28/2024 0:00,C0020,Sea,Dammam,Dammam,3,110.86
S00259,6/8/2023 0:00,C0408,Sea,Dammam,Makkah,9,4271.94
S00260,3/16/2020 0:00,C0216,Air,Jeddah,Riyadh,10,2647.9
S00261,10/23/2020 0:00,C0418,Sea,Jeddah,Abha,2,2503.97
S00262,5/26/2021 0:00,C0435,Sea,Dammam,Riyadh,10,1492.73
S00263,6/7/2024 0:00,C0313,Sea,Jeddah,Riyadh,10,3992.18
S00264,11/15/2025 0:00,C0456,Sea,Jeddah,Riyadh,1,409.14
S00265,8/21/2022 0:00,C0031,Road,Riyadh,Riyadh,1,2626.73
S00266,4/22/2021 0:00,C0266,Road,Riyadh,Dammam,8,3922.05
S00267,9/6/2021 0:00,C0469,Air,Riyadh,Abha,6,692.49
S00268,7/16/2025 0:00,C0199,Road,Jeddah,Madinah,6,4886.16
S00269,11/3/2020 0:00,C0193,Road,Dammam,Abha,9,2393.42
S00270,7/28/2021 0:00,C0178,Air,Jeddah,Jeddah,7,1966.71
S00271,3/4/2020 0:00,C0030,Sea,Riyadh,Jeddah,1,1228.73
S00272,2/15/2021 0:00,C0324,Road,Dammam,Jeddah,6,4339.91
S00273,1/28/2024 0:00,C0306,Road,Riyadh,Abha,10,3842.74
S00274,1/7/2024 0:00,C0147,Sea,Riyadh,Abha,10,1078.05
S00275,11/13/2022 0:00,C0274,Sea,Riyadh,Riyadh,6,4437.1
S00276,10/17/2024 0:00,C0099,Road,Riyadh,Abha,7,4737.57
S00277,8/20/2023 0:00,C0133,Sea,Dammam,Abha,6,714.05
S00278,1/23/2022 0:00,C0266,Air,Jeddah,Riyadh,6,2950.91
S00279,5/21/2020 0:00,C0497,Sea,Riyadh,Makkah,6,3574.48
S00280,3/14/2023 0:00,C0429,Road,Dammam,Abha,7,4175.89
S00281,7/5/2021 0:00,C0431,Sea,Dammam,Jeddah,1,3010.1
S00282,5/21/2020 0:00,C0238,Air,Jeddah,Riyadh,8,4226.56
S00283,12/1/2021 0:00,C0142,Air,Jeddah,Madinah,3,4342.47
S00284,12/31/2022 0:00,C0452,Air,Jeddah,Abha,9,1282.83
S00285,5/17/2023 0:00,C0366,Air,Dammam,Madinah,8,1867.97
S00286,8/17/2024 0:00,C0308,Road,Riyadh,Madinah,9,3371.48
S00287,9/21/2022 0:00,C0206,Air,Dammam,Riyadh,1,4540.24
S00288,3/18/2025 0:00,C0057,Air,Dammam,Jeddah,1,4440.19
S00289,6/25/2022 0:00,C0178,Sea,Riyadh,Riyadh,8,3022.06
S00290,12/17/2023 0:00,C0174,Sea,Riyadh,Jeddah,7,3371.05
S00291,11/29/2020 0:00,C0130,Air,Jeddah,Makkah,3,1311.93
S00292,4/29/2024 0:00,C0427,Air,Dammam,Abha,7,4575.02
S00293,7/27/2023 0:00,C0195,Air,Jeddah,Makkah,5,3524.05
S00294,6/11/2022 0:00,C0227,Road,Riyadh,Dammam,2,358.78
S00295,10/22/2023 0:00,C0261,Sea,Jeddah,Riyadh,5,2844.22
S00296,7/3/2021 0:00,C0114,Road,Jeddah,Madinah,9,4687.96
S00297,6/1/2020 0:00,C0148,Air,Jeddah,Jeddah,7,4194.78
S00298,11/12/2020 0:00,C0465,Air,Dammam,Abha,2,1670.96
S00299,5/17/2024 0:00,C0284,Sea,Dammam,Madinah,6,3652.93
S00300,3/14/2021 0:00,C0013,Air,Riyadh,Madinah,5,1641.73
S00301,3/8/2022 0:00,C0497,Air,Dammam,Abha,1,398.84
S00302,12/14/2020 0:00,C0472,Sea,Dammam,Abha,5,1524.7
S00303,10/13/2025 0:00,C0466,Air,Riyadh,Makkah,6,1763.03
S00304,1/19/2022 0:00,C0049,Sea,Jeddah,Madinah,3,4247.73
S00305,1/7/2021 0:00,C0319,Road,Dammam,Riyadh,7,4922.8
S00306,12/14/2024 0:00,C0218,Sea,Jeddah,Makkah,7,2004.85
S00307,7/8/2022 0:00,C0125,Road,Jeddah,Makkah,7,3942.68
S00308,5/1/2021 0:00,C0404,Sea,Riyadh,Dammam,9,281.42
S00309,1/5/2023 0:00,C0479,Air,Dammam,Dammam,3,2267.39
S00310,11/3/2022 0:00,C0500,Air,Riyadh,Abha,10,3450.85
S00311,11/4/2022 0:00,C0474,Sea,Jeddah,Makkah,5,1290.2
S00312,5/3/2021 0:00,C0276,Road,Jeddah,Abha,4,1217
S00313,12/3/2022 0:00,C0299,Sea,Jeddah,Riyadh,5,4962.15
S00314,10/30/2022 0:00,C0321,Sea,Riyadh,Makkah,5,1031.76
S00315,1/19/2025 0:00,C0225,Road,Riyadh,Jeddah,9,4248.25
S00316,8/17/2025 0:00,C0064,Road,Jeddah,Makkah,3,2676.59
S00317,11/19/2020 0:00,C0162,Air,Dammam,Riyadh,10,3553.33
S00318,11/21/2022 0:00,C0071,Air,Dammam,Riyadh,9,1273.61
S00319,1/14/2022 0:00,C0053,Road,Dammam,Makkah,8,985.16
S00320,5/9/2025 0:00,C0024,Road,Jeddah,Riyadh,7,2641.45
S00321,4/16/2023 0:00,C0193,Air,Dammam,Jeddah,8,4756.09
S00322,1/22/2025 0:00,C0264,Sea,Dammam,Dammam,6,1379.75
S00323,3/6/2025 0:00,C0357,Road,Jeddah,Dammam,10,404.79
S00324,6/22/2020 0:00,C0234,Sea,Jeddah,Riyadh,4,2939.47
S00325,9/30/2025 0:00,C0192,Road,Jeddah,Madinah,7,533.2
S00326,4/7/2022 0:00,C0082,Road,Dammam,Makkah,4,1292.6
S00327,10/24/2023 0:00,C0410,Sea,Jeddah,Madinah,10,2132.51
S00328,3/22/2022 0:00,C0280,Road,Riyadh,Madinah,10,2373.3
S00329,8/1/2024 0:00,C0228,Air,Jeddah,Dammam,6,1159.59
S00330,4/15/2020 0:00,C0359,Sea,Jeddah,Riyadh,10,865.82
S00331,4/24/2021 0:00,C0008,Road,Riyadh,Makkah,2,4845.65
S00332,7/19/2021 0:00,C0317,Sea,Dammam,Jeddah,4,2741.46
S00333,10/18/2025 0:00,C0471,Sea,Jeddah,Dammam,3,2316.57
S00334,8/10/2022 0:00,C0116,Air,Dammam,Madinah,2,2965.51
S00335,9/19/2020 0:00,C0226,Road,Dammam,Riyadh,8,2478.29
S00336,1/9/2024 0:00,C0121,Air,Riyadh,Makkah,9,595.97
S00337,11/22/2020 0:00,C0195,Sea,Jeddah,Riyadh,8,1916.3
S00338,7/5/2024 0:00,C0149,Road,Riyadh,Jeddah,10,3850.4
S00339,11/6/2020 0:00,C0422,Road,Jeddah,Madinah,2,3399.27
S00340,11/11/2021 0:00,C0008,Air,Dammam,Abha,1,3148.31
S00341,1/19/2023 0:00,C0117,Air,Riyadh,Riyadh,4,1091.1
S00342,12/1/2024 0:00,C0060,Air,Jeddah,Madinah,7,1265.79
S00343,4/18/2024 0:00,C0094,Air,Dammam,Dammam,7,2135.06
S00344,3/23/2024 0:00,C0288,Air,Riyadh,Abha,8,759.25
S00345,3/18/2024 0:00,C0286,Road,Jeddah,Riyadh,5,1937.76
S00346,4/20/2021 0:00,C0442,Road,Riyadh,Madinah,5,1882.69
S00347,5/12/2020 0:00,C0096,Road,Riyadh,Jeddah,3,2358.91
S00348,5/17/2021 0:00,C0054,Air,Riyadh,Jeddah,1,2444.36
S00349,1/5/2021 0:00,C0392,Air,Dammam,Madinah,8,138.97
S00350,11/1/2025 0:00,C0411,Road,Dammam,Riyadh,3,1801.54
S00351,5/3/2020 0:00,C0276,Sea,Jeddah,Jeddah,2,3858.39
S00352,3/31/2021 0:00,C0384,Sea,Riyadh,Abha,5,587.91
S00353,10/13/2025 0:00,C0410,Sea,Jeddah,Makkah,5,1155.2
S00354,8/5/2023 0:00,C0233,Road,Riyadh,Makkah,3,2290.58
S00355,10/16/2021 0:00,C0179,Air,Jeddah,Riyadh,9,2330.35
S00356,5/15/2023 0:00,C0269,Sea,Dammam,Riyadh,2,2721.28
S00357,1/8/2022 0:00,C0386,Road,Dammam,Madinah,7,4641.68
S00358,5/4/2024 0:00,C0162,Road,Riyadh,Dammam,5,3242.44
S00359,11/2/2024 0:00,C0389,Air,Jeddah,Jeddah,1,4091.54
S00360,1/15/2025 0:00,C0059,Air,Jeddah,Dammam,4,1446.29
S00361,7/24/2025 0:00,C0230,Road,Riyadh,Makkah,5,364.19
S00362,8/12/2025 0:00,C0413,Road,Riyadh,Makkah,5,4841.89
S00363,8/4/2021 0:00,C0020,Sea,Riyadh,Riyadh,6,2551.39
S00364,12/21/2025 0:00,C0258,Road,Riyadh,Dammam,6,4570.23
S00365,12/31/2020 0:00,C0207,Air,Dammam,Riyadh,8,1990.07
S00366,3/11/2022 0:00,C0404,Sea,Dammam,Jeddah,6,1728.83
S00367,6/19/2020 0:00,C0008,Sea,Riyadh,Jeddah,5,3961.57
S00368,9/22/2024 0:00,C0172,Road,Dammam,Madinah,8,3622.97
S00369,7/9/2025 0:00,C0276,Road,Jeddah,Abha,10,4797.93
S00370,7/21/2020 0:00,C0107,Air,Riyadh,Makkah,6,3141.58
S00371,1/14/2023 0:00,C0319,Road,Riyadh,Jeddah,8,328.07
S00372,5/9/2022 0:00,C0161,Air,Jeddah,Riyadh,8,3568.39
S00373,1/27/2022 0:00,C0363,Air,Riyadh,Dammam,10,3481.82
S00374,8/24/2024 0:00,C0170,Sea,Riyadh,Riyadh,10,4714.72
S00375,11/28/2025 0:00,C0266,Sea,Riyadh,Dammam,9,1135.68
S00376,5/28/2022 0:00,C0039,Sea,Jeddah,Abha,3,2525.22
S00377,12/3/2023 0:00,C0099,Sea,Jeddah,Abha,8,759.05
S00378,7/24/2023 0:00,C0310,Road,Riyadh,Dammam,9,565.2
S00379,9/14/2025 0:00,C0456,Air,Jeddah,Madinah,8,420.83
S00380,2/7/2023 0:00,C0178,Road,Jeddah,Riyadh,4,3039.56
S00381,2/4/2021 0:00,C0042,Air,Jeddah,Riyadh,6,599.68
S00382,9/23/2021 0:00,C0027,Sea,Dammam,Riyadh,1,1722.1
S00383,5/3/2021 0:00,C0303,Sea,Dammam,Jeddah,6,4771.12
S00384,12/31/2021 0:00,C0008,Road,Riyadh,Jeddah,5,3093.61
S00385,5/27/2023 0:00,C0102,Air,Dammam,Riyadh,1,4717.26
S00386,6/23/2025 0:00,C0132,Air,Dammam,Riyadh,9,296.74
S00387,9/4/2024 0:00,C0025,Air,Riyadh,Abha,9,2401.64
S00388,7/30/2020 0:00,C0121,Road,Riyadh,Madinah,8,615.41
S00389,12/25/2023 0:00,C0396,Sea,Jeddah,Riyadh,7,3829.57
S00390,12/15/2022 0:00,C0387,Road,Riyadh,Jeddah,1,3437.18
S00391,8/11/2020 0:00,C0332,Road,Dammam,Abha,1,3714.71
S00392,7/4/2024 0:00,C0447,Sea,Jeddah,Abha,3,2399.08
S00393,7/31/2022 0:00,C0161,Air,Dammam,Jeddah,3,142.98
S00394,8/21/2022 0:00,C0473,Air,Jeddah,Jeddah,3,3520.69
S00395,1/30/2025 0:00,C0101,Air,Dammam,Makkah,3,2446.47
S00396,9/5/2020 0:00,C0398,Road,Jeddah,Abha,7,1407.53
S00397,12/9/2024 0:00,C0223,Sea,Riyadh,Makkah,3,4438.7
S00398,11/1/2020 0:00,C0326,Sea,Dammam,Abha,7,3541.35
S00399,11/14/2020 0:00,C0370,Sea,Jeddah,Abha,4,2615.64
S00400,4/18/2025 0:00,C0499,Sea,Jeddah,Madinah,10,858.78
S00401,6/18/2020 0:00,C0241,Air,Jeddah,Madinah,3,2739.55
S00402,10/10/2025 0:00,C0144,Sea,Jeddah,Dammam,5,494.85
S00403,5/30/2020 0:00,C0270,Road,Jeddah,Abha,9,2168.13
S00404,1/11/2025 0:00,C0494,Sea,Jeddah,Jeddah,3,4506.65
S00405,12/6/2023 0:00,C0172,Road,Jeddah,Madinah,3,4072.89
S00406,7/20/2023 0:00,C0055,Sea,Jeddah,Dammam,4,126
S00407,9/17/2025 0:00,C0277,Sea,Riyadh,Abha,7,350.26
S00408,1/1/2024 0:00,C0293,Air,Jeddah,Makkah,5,4734.78
S00409,9/20/2021 0:00,C0043,Road,Dammam,Madinah,2,4853.08
S00410,1/2/2021 0:00,C0272,Road,Dammam,Madinah,9,4119.67
S00411,12/23/2025 0:00,C0495,Air,Riyadh,Dammam,4,1287.07
S00412,8/22/2020 0:00,C0478,Sea,Riyadh,Dammam,10,347.17
S00413,4/7/2023 0:00,C0147,Sea,Jeddah,Makkah,8,2105.76
S00414,4/11/2023 0:00,C0111,Road,Riyadh,Riyadh,2,131.21
S00415,6/28/2021 0:00,C0224,Road,Riyadh,Jeddah,5,190.9
S00416,2/23/2023 0:00,C0110,Air,Jeddah,Jeddah,8,1237.2
S00417,4/4/2022 0:00,C0004,Sea,Dammam,Dammam,2,4631.75
S00418,5/29/2024 0:00,C0170,Road,Riyadh,Makkah,6,2995.37
S00419,12/9/2023 0:00,C0026,Road,Riyadh,Madinah,4,2132.29
S00420,8/16/2020 0:00,C0222,Sea,Jeddah,Madinah,7,4260.52
S00421,11/7/2020 0:00,C0123,Road,Dammam,Makkah,5,4723.3
S00422,6/23/2023 0:00,C0326,Air,Dammam,Jeddah,1,3081.44
S00423,9/16/2023 0:00,C0271,Sea,Riyadh,Abha,7,3347.28
S00424,2/25/2024 0:00,C0266,Road,Dammam,Jeddah,3,1591.29
S00425,3/29/2023 0:00,C0279,Sea,Riyadh,Madinah,2,2620.57
S00426,12/17/2024 0:00,C0364,Air,Jeddah,Abha,4,3886.39
S00427,11/24/2024 0:00,C0490,Air,Riyadh,Makkah,3,1126.29
S00428,3/18/2025 0:00,C0483,Sea,Dammam,Madinah,3,3465.87
S00429,6/5/2020 0:00,C0369,Air,Jeddah,Dammam,6,3445.19
S00430,2/15/2020 0:00,C0242,Road,Dammam,Dammam,9,4915.74
S00431,4/29/2021 0:00,C0403,Sea,Dammam,Riyadh,2,689.05
S00432,6/7/2022 0:00,C0230,Sea,Riyadh,Makkah,2,2472.19
S00433,2/29/2020 0:00,C0493,Road,Dammam,Abha,10,522.83
S00434,4/19/2022 0:00,C0418,Sea,Jeddah,Jeddah,2,4657.67
S00435,6/9/2022 0:00,C0141,Road,Dammam,Riyadh,9,1012.21
S00436,8/5/2021 0:00,C0062,Road,Riyadh,Madinah,2,1466.99
S00437,6/15/2021 0:00,C0463,Sea,Riyadh,Jeddah,2,3601.36
S00438,5/15/2023 0:00,C0160,Road,Dammam,Jeddah,10,673.05
S00439,4/6/2025 0:00,C0320,Air,Riyadh,Madinah,8,683.65
S00440,11/10/2025 0:00,C0248,Road,Riyadh,Makkah,4,3923.85
S00441,7/7/2024 0:00,C0226,Air,Jeddah,Abha,2,3530.36
S00442,9/14/2020 0:00,C0431,Air,Jeddah,Madinah,7,3994.25
S00443,6/17/2022 0:00,C0410,Road,Jeddah,Madinah,8,1080.42
S00444,5/1/2024 0:00,C0378,Sea,Riyadh,Abha,3,3428.17
S00445,4/30/2025 0:00,C0221,Sea,Riyadh,Dammam,9,3880.08
S00446,12/9/2022 0:00,C0419,Air,Jeddah,Riyadh,4,3614.44
S00447,9/27/2024 0:00,C0249,Air,Jeddah,Madinah,6,3673.9
S00448,11/25/2025 0:00,C0047,Road,Jeddah,Madinah,7,3843.35
S00449,1/23/2024 0:00,C0333,Road,Riyadh,Riyadh,1,3546.85
S00450,9/27/2023 0:00,C0481,Road,Riyadh,Jeddah,5,272.14
S00451,5/8/2024 0:00,C0425,Air,Dammam,Abha,3,4151.09
S00452,2/6/2022 0:00,C0112,Sea,Dammam,Riyadh,5,1483.32
S00453,8/26/2023 0:00,C0306,Road,Riyadh,Makkah,9,3253.44
S00454,9/16/2021 0:00,C0082,Sea,Dammam,Abha,7,1819.65
S00455,10/14/2023 0:00,C0362,Road,Jeddah,Riyadh,7,818.36
S00456,5/23/2025 0:00,C0125,Sea,Dammam,Makkah,6,179.46
S00457,10/19/2022 0:00,C0306,Air,Jeddah,Dammam,8,3712.73
S00458,5/4/2021 0:00,C0250,Sea,Dammam,Jeddah,2,2493.87
S00459,2/2/2021 0:00,C0149,Sea,Dammam,Dammam,3,1634.94
S00460,3/7/2021 0:00,C0242,Sea,Dammam,Riyadh,4,4405.78
S00461,8/6/2023 0:00,C0032,Road,Riyadh,Riyadh,5,1622.53
S00462,6/29/2022 0:00,C0417,Sea,Dammam,Madinah,5,3188.96
S00463,4/8/2022 0:00,C0294,Road,Jeddah,Dammam,10,3185.8
S00464,5/9/2023 0:00,C0091,Air,Jeddah,Madinah,1,1826.33
S00465,1/29/2023 0:00,C0309,Air,Dammam,Abha,1,2279.24
S00466,6/18/2024 0:00,C0367,Road,Dammam,Madinah,6,4249.96
S00467,10/5/2023 0:00,C0067,Air,Riyadh,Abha,3,1460.51
S00468,10/11/2024 0:00,C0078,Road,Jeddah,Riyadh,7,2590.76
S00469,1/27/2024 0:00,C0271,Sea,Jeddah,Jeddah,4,3110.73
S00470,1/16/2020 0:00,C0456,Sea,Dammam,Madinah,4,348.61
S00471,5/10/2023 0:00,C0054,Road,Riyadh,Dammam,2,3983.01
S00472,5/27/2024 0:00,C0274,Air,Jeddah,Abha,3,4438.48
S00473,3/14/2021 0:00,C0016,Sea,Dammam,Makkah,10,830.67
S00474,2/21/2020 0:00,C0094,Sea,Dammam,Riyadh,5,4478.12
S00475,12/22/2020 0:00,C0371,Road,Jeddah,Makkah,9,4373.32
S00476,6/19/2022 0:00,C0431,Air,Jeddah,Jeddah,7,3502.66
S00477,8/24/2024 0:00,C0284,Road,Riyadh,Jeddah,3,2776.21
S00478,12/25/2021 0:00,C0248,Air,Dammam,Riyadh,4,4343.79
S00479,4/14/2021 0:00,C0325,Air,Dammam,Madinah,9,2713.46
S00480,1/2/2023 0:00,C0093,Sea,Dammam,Madinah,2,434.17
S00481,5/16/2021 0:00,C0382,Road,Jeddah,Riyadh,3,340.16
S00482,1/8/2024 0:00,C0482,Air,Riyadh,Abha,4,1424
S00483,2/27/2022 0:00,C0248,Air,Dammam,Makkah,4,4515.06
S00484,6/21/2024 0:00,C0424,Road,Jeddah,Makkah,3,2100.17
S00485,12/10/2021 0:00,C0395,Sea,Riyadh,Madinah,3,946.98
S00486,8/16/2025 0:00,C0363,Road,Riyadh,Makkah,4,271.67
S00487,3/10/2022 0:00,C0448,Air,Riyadh,Riyadh,10,2658.91
S00488,9/22/2024 0:00,C0414,Sea,Dammam,Makkah,9,2200.64
S00489,11/30/2024 0:00,C0320,Road,Dammam,Makkah,10,751.55
S00490,12/25/2023 0:00,C0052,Air,Dammam,Dammam,2,3408.28
S00491,5/7/2022 0:00,C0404,Air,Riyadh,Jeddah,3,4762.15
S00492,9/19/2023 0:00,C0319,Air,Jeddah,Makkah,6,2709.38
S00493,6/25/2025 0:00,C0148,Air,Dammam,Madinah,3,653.59
S00494,1/1/2020 0:00,C0012,Sea,Riyadh,Madinah,1,3074.4
S00495,5/15/2021 0:00,C0162,Sea,Riyadh,Jeddah,7,3159.73
S00496,8/4/2022 0:00,C0293,Air,Dammam,Dammam,6,634.44
S00497,6/6/2022 0:00,C0263,Road,Dammam,Makkah,10,1098.53
S00498,5/12/2022 0:00,C0297,Sea,Riyadh,Dammam,8,138.06
S00499,7/20/2021 0:00,C0438,Road,Dammam,Jeddah,1,4756.55
S00500,12/14/2024 0:00,C0170,Air,Riyadh,Madinah,3,1055.39
S00501,1/9/2022 0:00,C0221,Air,Jeddah,Riyadh,3,1999.94
S00502,7/18/2023 0:00,C0220,Air,Dammam,Jeddah,8,4580.05
S00503,3/14/2023 0:00,C0129,Road,Jeddah,Riyadh,7,3914.16
S00504,6/29/2024 0:00,C0356,Air,Jeddah,Madinah,8,538.88
S00505,3/26/2021 0:00,C0465,Air,Jeddah,Madinah,8,496.85
S00506,6/13/2023 0:00,C0317,Road,Dammam,Riyadh,7,814.98
S00507,8/13/2021 0:00,C0435,Air,Jeddah,Abha,5,830.47
S00508,1/26/2023 0:00,C0301,Sea,Riyadh,Riyadh,1,1979.21
S00509,2/3/2024 0:00,C0183,Sea,Jeddah,Makkah,5,4107.55
S00510,12/8/2024 0:00,C0064,Road,Riyadh,Madinah,7,4008.24
S00511,11/4/2021 0:00,C0252,Road,Jeddah,Abha,10,3462.7
S00512,7/30/2025 0:00,C0191,Air,Dammam,Dammam,6,3926.6
S00513,8/8/2021 0:00,C0409,Road,Dammam,Makkah,9,1064.19
S00514,11/28/2024 0:00,C0142,Road,Jeddah,Madinah,8,320.43
S00515,12/17/2023 0:00,C0422,Air,Riyadh,Jeddah,7,4177.01
S00516,5/30/2024 0:00,C0138,Road,Dammam,Dammam,7,2680.63
S00517,1/15/2022 0:00,C0430,Road,Riyadh,Dammam,10,3887.69
S00518,8/27/2023 0:00,C0047,Sea,Riyadh,Makkah,7,1882.6
S00519,8/19/2024 0:00,C0238,Road,Riyadh,Makkah,3,3631.78
S00520,5/6/2025 0:00,C0195,Road,Dammam,Madinah,1,3199.83
S00521,5/14/2023 0:00,C0130,Sea,Dammam,Abha,1,2579.81
S00522,10/12/2024 0:00,C0424,Sea,Riyadh,Abha,1,490.95
S00523,9/11/2020 0:00,C0035,Road,Jeddah,Riyadh,4,224.99
S00524,4/18/2021 0:00,C0254,Road,Jeddah,Jeddah,4,4635.66
S00525,4/6/2023 0:00,C0167,Air,Dammam,Madinah,6,2545.65
S00526,10/10/2023 0:00,C0047,Road,Riyadh,Makkah,2,1853.38
S00527,5/28/2024 0:00,C0464,Sea,Jeddah,Dammam,2,1360.42
S00528,1/9/2022 0:00,C0182,Air,Riyadh,Dammam,7,2289.66
S00529,4/9/2020 0:00,C0339,Air,Dammam,Madinah,3,195.31
S00530,1/4/2023 0:00,C0297,Air,Jeddah,Jeddah,4,3207.13
S00531,8/12/2022 0:00,C0357,Road,Riyadh,Makkah,6,4866.16
S00532,12/11/2025 0:00,C0456,Road,Riyadh,Dammam,10,1882.73
S00533,6/3/2023 0:00,C0085,Road,Dammam,Jeddah,1,1105.97
S00534,9/10/2020 0:00,C0272,Road,Riyadh,Riyadh,6,1247.78
S00535,3/13/2020 0:00,C0007,Sea,Jeddah,Makkah,2,3967.81
S00536,2/22/2024 0:00,C0090,Air,Dammam,Riyadh,5,3914.72
S00537,3/10/2024 0:00,C0200,Sea,Jeddah,Riyadh,8,2002.32
S00538,10/24/2023 0:00,C0475,Air,Riyadh,Jeddah,9,3543.54
S00539,9/22/2021 0:00,C0198,Sea,Jeddah,Dammam,7,3322.51
S00540,10/25/2024 0:00,C0226,Road,Jeddah,Abha,9,2306.11
S00541,6/23/2020 0:00,C0274,Air,Dammam,Jeddah,5,2990.8
S00542,6/21/2025 0:00,C0090,Air,Jeddah,Dammam,3,834.63
S00543,5/27/2025 0:00,C0001,Road,Riyadh,Makkah,3,1475.98
S00544,9/12/2025 0:00,C0441,Sea,Riyadh,Makkah,5,4630.61
S00545,5/6/2024 0:00,C0084,Sea,Riyadh,Abha,10,4575.81
S00546,9/3/2020 0:00,C0445,Air,Riyadh,Riyadh,5,2002.59
S00547,4/4/2021 0:00,C0447,Road,Riyadh,Abha,6,1107.57
S00548,9/9/2023 0:00,C0423,Road,Riyadh,Jeddah,9,1509.87
S00549,6/1/2021 0:00,C0077,Sea,Dammam,Makkah,4,2165.41
S00550,7/26/2023 0:00,C0292,Road,Riyadh,Jeddah,3,2257.48
S00551,9/24/2024 0:00,C0468,Sea,Riyadh,Jeddah,1,1715.59
S00552,2/11/2024 0:00,C0135,Sea,Riyadh,Makkah,1,3546.22
S00553,11/10/2025 0:00,C0323,Sea,Riyadh,Makkah,4,3498.45
S00554,2/9/2023 0:00,C0131,Road,Jeddah,Abha,9,3481.5
S00555,1/18/2023 0:00,C0256,Road,Riyadh,Abha,5,3843.88
S00556,9/19/2020 0:00,C0294,Air,Riyadh,Madinah,10,4084.77
S00557,3/19/2023 0:00,C0137,Sea,Dammam,Madinah,9,699.27
S00558,12/8/2023 0:00,C0472,Road,Jeddah,Riyadh,10,4190.69
S00559,2/12/2020 0:00,C0283,Air,Jeddah,Jeddah,9,3526.44
S00560,11/15/2024 0:00,C0482,Air,Dammam,Jeddah,6,1722.26
S00561,9/17/2022 0:00,C0011,Air,Riyadh,Makkah,4,1450.91
S00562,5/7/2021 0:00,C0130,Road,Dammam,Dammam,9,4972.21
S00563,4/20/2025 0:00,C0036,Sea,Jeddah,Riyadh,4,2961.88
S00564,6/30/2021 0:00,C0097,Air,Jeddah,Jeddah,10,1267.91
S00565,10/15/2024 0:00,C0092,Sea,Jeddah,Riyadh,10,517.49
S00566,6/20/2024 0:00,C0497,Sea,Dammam,Madinah,9,4546.42
S00567,10/9/2020 0:00,C0261,Road,Riyadh,Jeddah,5,553.33
S00568,11/24/2022 0:00,C0107,Sea,Jeddah,Abha,9,4292.3
S00569,7/6/2022 0:00,C0050,Sea,Dammam,Makkah,4,663.12
S00570,3/11/2021 0:00,C0146,Sea,Dammam,Jeddah,3,463.58
S00571,9/30/2025 0:00,C0214,Road,Dammam,Abha,6,4699.21
S00572,12/26/2023 0:00,C0377,Sea,Jeddah,Dammam,1,1090.25
S00573,10/10/2020 0:00,C0308,Air,Jeddah,Riyadh,7,3919.58
S00574,10/18/2024 0:00,C0453,Sea,Dammam,Jeddah,4,229.18
S00575,9/15/2024 0:00,C0077,Air,Dammam,Jeddah,5,4608.11
S00576,8/20/2021 0:00,C0062,Road,Riyadh,Dammam,2,2966.01
S00577,6/21/2020 0:00,C0360,Sea,Riyadh,Makkah,5,1117.04
S00578,10/22/2024 0:00,C0038,Road,Dammam,Jeddah,1,4254.03
S00579,5/14/2024 0:00,C0089,Air,Riyadh,Jeddah,9,1730.35
S00580,9/3/2024 0:00,C0297,Sea,Jeddah,Dammam,10,3712.72
S00581,2/3/2022 0:00,C0443,Road,Riyadh,Riyadh,4,3643.99
S00582,10/2/2021 0:00,C0444,Sea,Riyadh,Jeddah,4,3140.66
S00583,10/29/2022 0:00,C0425,Sea,Jeddah,Madinah,2,3863.73
S00584,1/6/2020 0:00,C0265,Road,Riyadh,Abha,4,3414.87
S00585,10/3/2020 0:00,C0070,Sea,Riyadh,Abha,9,1781.5
S00586,4/17/2022 0:00,C0066,Air,Dammam,Madinah,10,145.56
S00587,7/13/2021 0:00,C0415,Sea,Jeddah,Riyadh,10,458.78
S00588,10/11/2024 0:00,C0261,Road,Jeddah,Jeddah,3,416.25
S00589,5/10/2025 0:00,C0209,Air,Riyadh,Riyadh,2,968.11
S00590,11/13/2020 0:00,C0412,Road,Jeddah,Jeddah,10,113.25
S00591,11/2/2025 0:00,C0229,Sea,Dammam,Abha,7,808.32
S00592,8/7/2022 0:00,C0283,Sea,Jeddah,Jeddah,2,4001.67
S00593,6/19/2020 0:00,C0494,Road,Jeddah,Riyadh,10,2131.7
S00594,5/5/2021 0:00,C0254,Air,Riyadh,Riyadh,10,823.3
S00595,7/7/2020 0:00,C0241,Air,Jeddah,Abha,9,3467.02
S00596,10/28/2024 0:00,C0298,Road,Dammam,Madinah,5,1930.58
S00597,8/27/2023 0:00,C0100,Air,Jeddah,Abha,3,588.59
S00598,12/27/2021 0:00,C0001,Air,Jeddah,Makkah,1,2041.19
S00599,12/18/2024 0:00,C0387,Air,Jeddah,Makkah,10,3883.3
S00600,12/16/2024 0:00,C0249,Air,Dammam,Riyadh,5,3876.27
S00601,10/16/2021 0:00,C0335,Sea,Jeddah,Jeddah,5,3222.02
S00602,12/13/2023 0:00,C0443,Road,Dammam,Dammam,10,2380.75
S00603,8/23/2024 0:00,C0003,Road,Jeddah,Madinah,3,2099.5
S00604,9/13/2024 0:00,C0276,Sea,Riyadh,Makkah,8,2016.51
S00605,10/4/2022 0:00,C0472,Air,Dammam,Abha,9,833.71
S00606,3/20/2023 0:00,C0206,Road,Dammam,Riyadh,4,2211.8
S00607,4/10/2025 0:00,C0188,Road,Jeddah,Madinah,1,1885.82
S00608,12/20/2022 0:00,C0086,Road,Dammam,Jeddah,9,3628.84
S00609,10/11/2023 0:00,C0252,Road,Jeddah,Madinah,5,1194.8
S00610,4/25/2025 0:00,C0143,Road,Riyadh,Jeddah,1,1070.03
S00611,11/10/2024 0:00,C0330,Road,Riyadh,Madinah,8,2832.73
S00612,8/11/2021 0:00,C0105,Sea,Jeddah,Dammam,10,1526.19
S00613,3/22/2022 0:00,C0281,Road,Dammam,Abha,9,1827.98
S00614,5/22/2023 0:00,C0483,Sea,Jeddah,Makkah,10,1815.15
S00615,10/27/2020 0:00,C0021,Air,Riyadh,Makkah,6,2597.26
S00616,7/13/2023 0:00,C0422,Road,Dammam,Abha,3,4869.79
S00617,9/6/2020 0:00,C0341,Air,Riyadh,Madinah,8,3822.84
S00618,4/27/2022 0:00,C0164,Sea,Riyadh,Riyadh,9,2870.17
S00619,3/17/2020 0:00,C0409,Air,Riyadh,Dammam,9,3308.31
S00620,5/6/2024 0:00,C0365,Air,Jeddah,Dammam,6,949.61
S00621,8/11/2024 0:00,C0318,Road,Dammam,Abha,4,1349.38
S00622,8/3/2021 0:00,C0084,Road,Riyadh,Jeddah,9,3909.35
S00623,11/11/2020 0:00,C0205,Air,Dammam,Dammam,9,1829.18
S00624,1/16/2020 0:00,C0077,Sea,Dammam,Makkah,8,3859.19
S00625,10/16/2021 0:00,C0168,Sea,Riyadh,Makkah,8,4470.7
S00626,3/13/2025 0:00,C0196,Sea,Jeddah,Makkah,3,4790.38
S00627,6/18/2024 0:00,C0293,Air,Riyadh,Abha,1,2999.76
S00628,7/18/2023 0:00,C0388,Road,Dammam,Abha,5,679.07
S00629,1/30/2022 0:00,C0390,Air,Jeddah,Makkah,5,2116.64
S00630,8/28/2024 0:00,C0091,Sea,Dammam,Dammam,9,1441.61
S00631,6/3/2021 0:00,C0227,Air,Riyadh,Dammam,8,436.24
S00632,7/26/2022 0:00,C0121,Road,Dammam,Madinah,7,4799.82
S00633,8/21/2021 0:00,C0182,Sea,Jeddah,Abha,5,2710.3
S00634,10/24/2020 0:00,C0216,Air,Riyadh,Dammam,2,1565.75
S00635,5/14/2023 0:00,C0243,Air,Jeddah,Riyadh,2,549.07
S00636,4/25/2025 0:00,C0156,Air,Jeddah,Dammam,7,4483.71
S00637,11/8/2020 0:00,C0130,Sea,Dammam,Dammam,3,951.29
S00638,12/5/2023 0:00,C0181,Road,Dammam,Abha,10,1192.05
S00639,2/27/2021 0:00,C0122,Road,Dammam,Dammam,5,3136.38
S00640,10/2/2020 0:00,C0205,Sea,Dammam,Dammam,10,3895.56
S00641,10/23/2025 0:00,C0500,Air,Riyadh,Madinah,6,1202.18
S00642,12/15/2024 0:00,C0282,Air,Dammam,Madinah,9,1024.82
S00643,11/30/2023 0:00,C0092,Air,Dammam,Abha,4,2516.85
S00644,3/10/2023 0:00,C0036,Road,Dammam,Abha,9,4935.78
S00645,6/28/2025 0:00,C0252,Road,Dammam,Dammam,2,947.21
S00646,7/14/2020 0:00,C0232,Road,Dammam,Abha,5,4143.73
S00647,9/17/2023 0:00,C0212,Road,Dammam,Riyadh,10,2722.68
S00648,5/1/2025 0:00,C0005,Road,Riyadh,Abha,7,2935.01
S00649,6/8/2024 0:00,C0270,Sea,Jeddah,Madinah,7,217.67
S00650,5/28/2025 0:00,C0070,Sea,Dammam,Makkah,8,4196.8
S00651,7/5/2024 0:00,C0116,Sea,Dammam,Dammam,5,3805.05
S00652,2/7/2021 0:00,C0427,Sea,Riyadh,Riyadh,1,3490.77
S00653,10/3/2021 0:00,C0107,Air,Riyadh,Riyadh,4,2249.77
S00654,2/10/2021 0:00,C0303,Sea,Riyadh,Dammam,4,1976.88
S00655,12/21/2021 0:00,C0477,Sea,Riyadh,Abha,1,4949.93
S00656,11/7/2024 0:00,C0063,Sea,Jeddah,Riyadh,2,4263.95
S00657,4/20/2022 0:00,C0144,Air,Dammam,Jeddah,6,4296.07
S00658,3/26/2020 0:00,C0480,Air,Riyadh,Makkah,1,3141.12
S00659,11/15/2024 0:00,C0215,Road,Jeddah,Dammam,8,853.71
S00660,6/27/2022 0:00,C0327,Road,Jeddah,Jeddah,1,519.14
S00661,5/13/2025 0:00,C0359,Sea,Jeddah,Riyadh,1,3839.28
S00662,5/5/2021 0:00,C0057,Road,Dammam,Madinah,7,2638.9
S00663,1/30/2021 0:00,C0012,Sea,Riyadh,Riyadh,5,4765.25
S00664,1/15/2020 0:00,C0162,Air,Jeddah,Dammam,8,646
S00665,8/4/2023 0:00,C0308,Air,Riyadh,Madinah,8,706.92
S00666,2/2/2025 0:00,C0478,Sea,Riyadh,Abha,6,576.18
S00667,3/19/2023 0:00,C0030,Sea,Dammam,Abha,6,959.29
S00668,10/16/2022 0:00,C0464,Road,Riyadh,Riyadh,2,3722.36
S00669,5/17/2020 0:00,C0282,Road,Riyadh,Abha,7,2951.73
S00670,8/14/2023 0:00,C0162,Air,Dammam,Abha,5,708.66
S00671,12/3/2022 0:00,C0335,Air,Jeddah,Makkah,5,4488.81
S00672,6/5/2022 0:00,C0365,Road,Jeddah,Makkah,7,418.23
S00673,3/28/2022 0:00,C0418,Road,Jeddah,Riyadh,9,4181.23
S00674,2/26/2020 0:00,C0292,Road,Jeddah,Madinah,10,4014.15
S00675,5/30/2024 0:00,C0407,Sea,Jeddah,Makkah,9,2136.02
S00676,4/25/2023 0:00,C0100,Air,Dammam,Riyadh,5,3829.4
S00677,3/24/2024 0:00,C0331,Air,Riyadh,Riyadh,5,1519.59
S00678,5/13/2023 0:00,C0020,Road,Jeddah,Dammam,6,2262.62
S00679,12/16/2025 0:00,C0178,Sea,Riyadh,Jeddah,6,4112.13
S00680,2/9/2025 0:00,C0263,Road,Dammam,Madinah,9,1193.31
S00681,5/1/2022 0:00,C0389,Road,Riyadh,Dammam,1,1528.97
S00682,10/2/2021 0:00,C0099,Road,Dammam,Madinah,7,1531.95
S00683,1/23/2025 0:00,C0337,Air,Riyadh,Abha,7,4373.19
S00684,6/7/2024 0:00,C0407,Road,Dammam,Madinah,4,3956.49
S00685,10/26/2021 0:00,C0282,Air,Dammam,Riyadh,9,3901.06
S00686,6/11/2020 0:00,C0106,Air,Dammam,Dammam,3,4299.76
S00687,6/26/2025 0:00,C0250,Air,Dammam,Dammam,10,1329.57
S00688,1/22/2024 0:00,C0416,Sea,Riyadh,Dammam,5,1080.29
S00689,12/24/2025 0:00,C0145,Road,Jeddah,Jeddah,2,3196.87
S00690,11/27/2024 0:00,C0202,Road,Dammam,Madinah,6,1536.95
S00691,9/20/2023 0:00,C0143,Air,Jeddah,Riyadh,9,1816.25
S00692,3/22/2020 0:00,C0211,Sea,Jeddah,Dammam,3,885.87
S00693,11/14/2022 0:00,C0269,Sea,Riyadh,Dammam,1,1196.97
S00694,10/16/2020 0:00,C0263,Air,Jeddah,Makkah,10,3390.78
S00695,12/13/2021 0:00,C0217,Sea,Jeddah,Makkah,2,2555.99
S00696,3/4/2023 0:00,C0429,Road,Jeddah,Makkah,7,317.79
S00697,4/14/2025 0:00,C0480,Road,Riyadh,Madinah,2,2058.97
S00698,11/2/2024 0:00,C0083,Road,Dammam,Dammam,5,2317.33
S00699,12/24/2025 0:00,C0020,Air,Dammam,Riyadh,4,2589.79
S00700,4/18/2023 0:00,C0469,Sea,Dammam,Jeddah,5,429.23
S00701,12/30/2020 0:00,C0289,Road,Riyadh,Jeddah,4,4413.8
S00702,1/13/2022 0:00,C0164,Air,Dammam,Madinah,10,4120.7
S00703,2/26/2025 0:00,C0432,Road,Dammam,Riyadh,4,4230.91
S00704,10/5/2022 0:00,C0379,Road,Riyadh,Abha,8,3318.1
S00705,8/10/2025 0:00,C0071,Road,Jeddah,Abha,4,3566.07
S00706,4/20/2024 0:00,C0341,Road,Jeddah,Makkah,7,4801.18
S00707,1/17/2022 0:00,C0487,Sea,Dammam,Jeddah,9,385.49
S00708,5/16/2024 0:00,C0029,Road,Riyadh,Riyadh,5,2984.84
S00709,8/12/2025 0:00,C0094,Air,Jeddah,Makkah,6,2274.79
S00710,11/28/2021 0:00,C0293,Sea,Riyadh,Jeddah,6,3049.54
S00711,4/26/2022 0:00,C0185,Sea,Dammam,Madinah,2,2634.58
S00712,2/17/2020 0:00,C0075,Road,Riyadh,Dammam,5,3025.48
S00713,6/3/2023 0:00,C0450,Road,Dammam,Riyadh,4,3097.89
S00714,12/26/2025 0:00,C0090,Sea,Riyadh,Abha,5,287.94
S00715,5/20/2024 0:00,C0435,Road,Riyadh,Makkah,6,1704.38
S00716,6/5/2025 0:00,C0406,Sea,Riyadh,Madinah,8,4337.82
S00717,3/27/2021 0:00,C0253,Air,Riyadh,Dammam,2,336.15
S00718,3/28/2024 0:00,C0274,Road,Jeddah,Riyadh,4,3142.66
S00719,3/27/2023 0:00,C0181,Air,Riyadh,Dammam,5,1340.63
S00720,2/3/2021 0:00,C0223,Sea,Dammam,Jeddah,4,4430.59
S00721,3/5/2023 0:00,C0288,Sea,Dammam,Jeddah,8,2996.64
S00722,8/27/2021 0:00,C0061,Road,Dammam,Riyadh,5,1376.56
S00723,10/19/2022 0:00,C0346,Sea,Dammam,Madinah,5,2412.33
S00724,12/4/2020 0:00,C0091,Air,Dammam,Riyadh,10,1659.17
S00725,3/2/2024 0:00,C0012,Road,Dammam,Abha,8,1050.26
S00726,11/25/2023 0:00,C0301,Road,Dammam,Dammam,3,3161.95
S00727,6/20/2021 0:00,C0498,Sea,Dammam,Makkah,6,3080.65
S00728,10/25/2023 0:00,C0342,Road,Jeddah,Madinah,1,1518.24
S00729,5/6/2024 0:00,C0126,Air,Dammam,Madinah,6,4196.1
S00730,10/30/2021 0:00,C0157,Sea,Dammam,Dammam,5,1737.97
S00731,3/13/2020 0:00,C0252,Road,Jeddah,Dammam,7,3460.68
S00732,7/22/2020 0:00,C0196,Sea,Dammam,Dammam,10,3654.9
S00733,8/20/2024 0:00,C0047,Road,Riyadh,Riyadh,9,2530.69
S00734,4/29/2025 0:00,C0154,Sea,Dammam,Dammam,9,1503.12
S00735,2/22/2020 0:00,C0348,Air,Dammam,Madinah,8,3790.95
S00736,9/20/2022 0:00,C0055,Road,Riyadh,Abha,6,1519.95
S00737,2/3/2023 0:00,C0004,Air,Riyadh,Makkah,10,4701.41
S00738,7/15/2024 0:00,C0218,Air,Riyadh,Abha,8,1467.65
S00739,1/19/2022 0:00,C0315,Sea,Jeddah,Abha,3,637.97
S00740,7/7/2023 0:00,C0478,Air,Dammam,Jeddah,8,2157.71
S00741,10/31/2021 0:00,C0173,Sea,Jeddah,Madinah,8,190.32
S00742,9/7/2020 0:00,C0016,Air,Riyadh,Jeddah,3,384.62
S00743,4/10/2020 0:00,C0447,Sea,Riyadh,Jeddah,2,1434.26
S00744,9/28/2025 0:00,C0433,Sea,Jeddah,Abha,2,2877.06
S00745,10/24/2022 0:00,C0442,Air,Jeddah,Madinah,4,3272.24
S00746,8/19/2020 0:00,C0267,Sea,Riyadh,Madinah,6,2024.16
S00747,3/27/2021 0:00,C0055,Sea,Jeddah,Dammam,7,1057.86
S00748,2/4/2023 0:00,C0229,Sea,Dammam,Jeddah,9,2438.04
S00749,2/14/2025 0:00,C0232,Sea,Dammam,Dammam,9,2390.5
S00750,11/23/2021 0:00,C0129,Sea,Riyadh,Riyadh,3,2784.55
S00751,12/25/2024 0:00,C0242,Road,Jeddah,Jeddah,9,3648.11
S00752,8/31/2020 0:00,C0155,Air,Jeddah,Makkah,6,2322.92
S00753,5/24/2025 0:00,C0180,Road,Riyadh,Jeddah,3,4170.64
S00754,11/19/2020 0:00,C0167,Air,Jeddah,Madinah,4,2094.79
S00755,2/12/2023 0:00,C0322,Air,Dammam,Madinah,8,4173.34
S00756,3/19/2021 0:00,C0465,Air,Jeddah,Jeddah,8,4509.29
S00757,3/21/2022 0:00,C0014,Road,Jeddah,Madinah,7,3747.95
S00758,9/3/2020 0:00,C0077,Sea,Dammam,Riyadh,2,3135.86
S00759,11/25/2025 0:00,C0277,Air,Dammam,Jeddah,2,3464.58
S00760,7/1/2020 0:00,C0066,Sea,Riyadh,Jeddah,6,2430.63
S00761,1/7/2022 0:00,C0323,Road,Jeddah,Makkah,4,1523.83
S00762,10/28/2024 0:00,C0234,Road,Dammam,Madinah,4,3848.31
S00763,3/14/2021 0:00,C0302,Road,Dammam,Dammam,4,2286.92
S00764,11/7/2025 0:00,C0065,Air,Riyadh,Dammam,3,4363.94
S00765,7/24/2020 0:00,C0069,Sea,Jeddah,Dammam,9,4700.01
S00766,8/29/2023 0:00,C0261,Sea,Riyadh,Dammam,2,2067.2
S00767,7/24/2025 0:00,C0413,Road,Riyadh,Jeddah,3,2067.95
S00768,2/13/2025 0:00,C0115,Road,Dammam,Abha,4,3904.9
S00769,6/27/2024 0:00,C0350,Air,Jeddah,Riyadh,4,4566.56
S00770,9/26/2023 0:00,C0382,Air,Riyadh,Makkah,1,4311.3
S00771,1/30/2022 0:00,C0203,Road,Dammam,Dammam,7,595.93
S00772,9/23/2020 0:00,C0083,Road,Dammam,Abha,9,781.46
S00773,2/11/2020 0:00,C0168,Road,Dammam,Makkah,2,1421.89
S00774,11/30/2025 0:00,C0171,Road,Dammam,Dammam,3,4151.72
S00775,8/31/2023 0:00,C0184,Sea,Riyadh,Riyadh,3,4341.72
S00776,10/28/2025 0:00,C0139,Sea,Dammam,Madinah,10,1601.67
S00777,10/3/2025 0:00,C0296,Sea,Riyadh,Riyadh,2,1849.21
S00778,11/3/2022 0:00,C0059,Road,Dammam,Riyadh,10,1184.2
S00779,1/21/2021 0:00,C0307,Road,Jeddah,Dammam,3,2198.03
S00780,5/4/2023 0:00,C0340,Road,Riyadh,Dammam,3,1113.45
S00781,7/15/2025 0:00,C0437,Road,Jeddah,Dammam,5,3957.8
S00782,8/31/2024 0:00,C0238,Sea,Riyadh,Riyadh,1,1867.16
S00783,7/31/2020 0:00,C0181,Air,Jeddah,Dammam,8,2509.97
S00784,1/16/2023 0:00,C0285,Air,Dammam,Madinah,3,1408.89
S00785,8/25/2023 0:00,C0088,Sea,Riyadh,Abha,2,125.43
S00786,11/7/2021 0:00,C0016,Road,Jeddah,Makkah,8,1331.59
S00787,4/1/2021 0:00,C0230,Sea,Riyadh,Riyadh,4,1848.34
S00788,4/3/2025 0:00,C0354,Air,Jeddah,Dammam,9,2339.27
S00789,8/13/2025 0:00,C0270,Road,Riyadh,Makkah,7,395.37
S00790,9/29/2024 0:00,C0122,Sea,Dammam,Makkah,6,2779.08
S00791,12/17/2023 0:00,C0307,Road,Dammam,Riyadh,5,3788.83
S00792,6/16/2020 0:00,C0145,Sea,Riyadh,Makkah,4,1555.74
S00793,8/17/2024 0:00,C0235,Sea,Riyadh,Riyadh,5,1602.09
S00794,5/19/2022 0:00,C0399,Road,Dammam,Jeddah,5,3105.15
S00795,5/7/2022 0:00,C0149,Road,Riyadh,Makkah,5,3390.01
S00796,3/2/2021 0:00,C0282,Sea,Dammam,Makkah,6,3206.55
S00797,6/22/2025 0:00,C0375,Road,Riyadh,Riyadh,9,1471.41
S00798,8/3/2022 0:00,C0450,Road,Riyadh,Abha,10,553.16
S00799,1/28/2021 0:00,C0084,Air,Jeddah,Makkah,1,642.52
S00800,7/22/2022 0:00,C0207,Sea,Jeddah,Dammam,2,2024.87
S00801,3/29/2021 0:00,C0052,Air,Jeddah,Abha,10,3399.99
S00802,4/2/2020 0:00,C0281,Sea,Jeddah,Madinah,5,2783.64
S00803,7/25/2020 0:00,C0172,Road,Jeddah,Riyadh,10,274.73
S00804,12/27/2021 0:00,C0041,Air,Riyadh,Abha,4,1026.95
S00805,9/9/2022 0:00,C0088,Road,Jeddah,Makkah,1,4660.01
S00806,1/22/2025 0:00,C0157,Road,Riyadh,Riyadh,8,2852.33
S00807,3/16/2022 0:00,C0396,Road,Dammam,Abha,8,4233.79
S00808,10/18/2025 0:00,C0309,Road,Jeddah,Makkah,4,1354.46
S00809,8/24/2025 0:00,C0209,Air,Jeddah,Abha,3,1062.34
S00810,12/12/2021 0:00,C0396,Sea,Dammam,Makkah,5,3606.75
S00811,8/15/2025 0:00,C0445,Sea,Jeddah,Madinah,2,2566.67
S00812,6/27/2023 0:00,C0142,Sea,Riyadh,Riyadh,2,1282.09
S00813,4/5/2020 0:00,C0448,Air,Riyadh,Abha,6,2181.37
S00814,3/10/2020 0:00,C0051,Road,Dammam,Riyadh,7,3779.84
S00815,9/5/2021 0:00,C0308,Sea,Dammam,Riyadh,1,2463.56
S00816,3/22/2025 0:00,C0152,Air,Dammam,Abha,7,299.01
S00817,8/22/2021 0:00,C0415,Road,Dammam,Abha,10,3110.8
S00818,12/17/2025 0:00,C0127,Sea,Riyadh,Jeddah,8,2984.95
S00819,8/15/2023 0:00,C0048,Road,Dammam,Abha,4,4526.06
S00820,9/1/2024 0:00,C0320,Road,Riyadh,Madinah,9,222.34
S00821,1/22/2025 0:00,C0393,Air,Jeddah,Madinah,9,1901.79
S00822,7/19/2023 0:00,C0025,Sea,Dammam,Dammam,1,224.78
S00823,5/28/2023 0:00,C0456,Road,Riyadh,Abha,6,223.03
S00824,11/11/2023 0:00,C0191,Road,Dammam,Makkah,8,2854.03
S00825,11/16/2021 0:00,C0083,Sea,Dammam,Riyadh,2,1933.35
S00826,6/26/2024 0:00,C0013,Road,Riyadh,Dammam,7,553.7
S00827,4/10/2024 0:00,C0464,Air,Dammam,Riyadh,7,3698.48
S00828,9/3/2025 0:00,C0467,Road,Riyadh,Makkah,9,3886.78
S00829,11/12/2023 0:00,C0466,Air,Jeddah,Abha,8,3231.59
S00830,6/30/2021 0:00,C0257,Air,Jeddah,Abha,8,1292.7
S00831,12/18/2022 0:00,C0426,Sea,Jeddah,Abha,8,3224.06
S00832,2/8/2021 0:00,C0129,Air,Jeddah,Makkah,2,4338.43
S00833,9/28/2022 0:00,C0388,Road,Jeddah,Abha,9,480.54
S00834,3/20/2022 0:00,C0053,Air,Riyadh,Jeddah,6,4826.41
S00835,1/3/2025 0:00,C0126,Road,Dammam,Makkah,4,3622.5
S00836,11/15/2023 0:00,C0454,Air,Jeddah,Dammam,5,2814.62
S00837,1/3/2025 0:00,C0046,Air,Jeddah,Abha,10,1958.34
S00838,9/28/2025 0:00,C0486,Sea,Dammam,Jeddah,2,1529.08
S00839,1/26/2022 0:00,C0391,Sea,Jeddah,Madinah,5,1248.29
S00840,2/8/2022 0:00,C0173,Sea,Riyadh,Dammam,4,4456.65
S00841,6/24/2023 0:00,C0206,Road,Dammam,Jeddah,9,2833.25
S00842,1/9/2025 0:00,C0101,Sea,Dammam,Riyadh,1,2578.47
S00843,10/11/2021 0:00,C0408,Air,Jeddah,Jeddah,1,418.51
S00844,3/26/2022 0:00,C0339,Sea,Dammam,Makkah,9,370.26
S00845,11/20/2024 0:00,C0334,Road,Jeddah,Riyadh,4,761.74
S00846,5/9/2021 0:00,C0271,Sea,Jeddah,Jeddah,1,4674.13
S00847,6/30/2020 0:00,C0495,Sea,Jeddah,Dammam,6,1422.04
S00848,8/23/2020 0:00,C0067,Sea,Riyadh,Jeddah,9,3004.48
S00849,7/31/2021 0:00,C0442,Air,Dammam,Riyadh,7,3938.82
S00850,10/1/2023 0:00,C0162,Air,Dammam,Jeddah,7,196.62
S00851,4/15/2021 0:00,C0011,Road,Jeddah,Riyadh,9,3052.03
S00852,9/5/2023 0:00,C0299,Air,Jeddah,Madinah,6,1890.11
S00853,4/15/2022 0:00,C0068,Sea,Riyadh,Abha,9,1918.6
S00854,7/27/2023 0:00,C0384,Road,Riyadh,Dammam,2,1361.43
S00855,2/17/2020 0:00,C0230,Road,Riyadh,Dammam,4,4218.74
S00856,9/2/2020 0:00,C0130,Air,Dammam,Riyadh,2,3316.29
S00857,5/20/2025 0:00,C0375,Road,Dammam,Makkah,5,338.43
S00858,6/21/2021 0:00,C0436,Road,Riyadh,Dammam,3,1767.9
S00859,12/11/2023 0:00,C0308,Sea,Dammam,Riyadh,9,1481.08
S00860,2/8/2020 0:00,C0097,Air,Riyadh,Riyadh,4,4634.76
S00861,3/20/2024 0:00,C0200,Road,Dammam,Riyadh,10,3708.13
S00862,12/15/2021 0:00,C0038,Road,Dammam,Riyadh,6,4949.42
S00863,8/2/2025 0:00,C0281,Air,Jeddah,Madinah,3,3665.7
S00864,12/10/2022 0:00,C0250,Sea,Riyadh,Madinah,8,1764.15
S00865,7/7/2024 0:00,C0113,Air,Dammam,Abha,10,4200.08
S00866,10/14/2023 0:00,C0240,Road,Jeddah,Abha,6,4785.47
S00867,8/19/2020 0:00,C0023,Sea,Riyadh,Jeddah,8,116.24
S00868,8/30/2025 0:00,C0136,Air,Dammam,Dammam,1,572.33
S00869,4/9/2025 0:00,C0309,Air,Jeddah,Madinah,2,2121.53
S00870,4/17/2020 0:00,C0206,Road,Riyadh,Madinah,10,1398.92
S00871,4/5/2021 0:00,C0302,Road,Dammam,Abha,6,1044.22
S00872,9/26/2020 0:00,C0245,Road,Dammam,Abha,4,4438.67
S00873,1/5/2025 0:00,C0422,Air,Jeddah,Madinah,4,1517.14
S00874,1/12/2021 0:00,C0479,Air,Riyadh,Jeddah,4,2317.87
S00875,1/14/2023 0:00,C0152,Sea,Dammam,Abha,7,3676.93
S00876,11/20/2023 0:00,C0073,Sea,Dammam,Riyadh,1,3778.5
S00877,5/10/2021 0:00,C0280,Air,Riyadh,Jeddah,6,1620.26
S00878,3/19/2025 0:00,C0439,Air,Dammam,Riyadh,6,2061.87
S00879,7/16/2021 0:00,C0429,Road,Riyadh,Dammam,9,2664.24
S00880,10/16/2022 0:00,C0011,Air,Dammam,Madinah,7,2649.88
S00881,6/16/2022 0:00,C0130,Sea,Dammam,Makkah,7,1127.63
S00882,4/8/2022 0:00,C0257,Sea,Jeddah,Riyadh,7,3764.69
S00883,1/28/2022 0:00,C0012,Air,Jeddah,Riyadh,6,2515.35
S00884,11/21/2021 0:00,C0005,Road,Jeddah,Dammam,4,715.07
S00885,2/21/2020 0:00,C0381,Sea,Dammam,Madinah,4,2278.6
S00886,12/22/2023 0:00,C0130,Sea,Dammam,Jeddah,5,3395.16
S00887,2/17/2020 0:00,C0363,Road,Riyadh,Makkah,1,673.1
S00888,6/20/2025 0:00,C0387,Air,Jeddah,Makkah,3,2453.12
S00889,2/10/2024 0:00,C0068,Road,Dammam,Madinah,8,3233.4
S00890,5/8/2025 0:00,C0328,Sea,Jeddah,Dammam,6,2207.14
S00891,7/20/2022 0:00,C0212,Sea,Dammam,Makkah,2,981.36
S00892,4/19/2022 0:00,C0192,Sea,Dammam,Riyadh,5,844.81
S00893,1/27/2021 0:00,C0226,Road,Dammam,Dammam,5,2934.81
S00894,9/22/2022 0:00,C0314,Sea,Jeddah,Abha,6,2771.57
S00895,2/23/2025 0:00,C0349,Air,Riyadh,Makkah,2,1861.79
S00896,7/21/2021 0:00,C0131,Sea,Riyadh,Abha,4,4362.93
S00897,11/28/2020 0:00,C0036,Air,Jeddah,Abha,6,3155.01
S00898,8/17/2021 0:00,C0476,Road,Riyadh,Madinah,4,461.58
S00899,9/20/2024 0:00,C0045,Road,Dammam,Makkah,4,3094.04
S00900,4/9/2022 0:00,C0313,Road,Dammam,Makkah,2,2812.07
S00901,11/11/2020 0:00,C0409,Road,Riyadh,Riyadh,4,2342.35
S00902,9/14/2021 0:00,C0174,Sea,Jeddah,Abha,2,4857.84
S00903,11/2/2020 0:00,C0057,Air,Riyadh,Makkah,5,3942.16
S00904,11/23/2022 0:00,C0318,Sea,Riyadh,Jeddah,3,2399.44
S00905,12/24/2020 0:00,C0068,Sea,Riyadh,Madinah,4,2281.11
S00906,5/22/2022 0:00,C0427,Road,Riyadh,Riyadh,9,3734.62
S00907,10/28/2025 0:00,C0324,Sea,Dammam,Abha,4,4265.39
S00908,2/11/2024 0:00,C0214,Road,Dammam,Abha,4,2034.2
S00909,4/17/2021 0:00,C0481,Sea,Riyadh,Abha,7,2915.23
S00910,1/20/2023 0:00,C0135,Air,Riyadh,Riyadh,8,1879.51
S00911,2/2/2020 0:00,C0348,Air,Jeddah,Dammam,3,823.29
S00912,6/13/2024 0:00,C0423,Road,Jeddah,Madinah,4,1152.94
S00913,6/23/2020 0:00,C0246,Air,Jeddah,Madinah,5,634.91
S00914,3/6/2020 0:00,C0045,Air,Jeddah,Abha,5,845.37
S00915,2/13/2020 0:00,C0202,Air,Riyadh,Dammam,7,4070.19
S00916,4/10/2023 0:00,C0320,Air,Jeddah,Makkah,2,3100.25
S00917,11/15/2025 0:00,C0018,Road,Dammam,Makkah,5,2962.35
S00918,12/3/2024 0:00,C0133,Air,Jeddah,Jeddah,9,3042.5
S00919,4/6/2024 0:00,C0473,Sea,Riyadh,Jeddah,5,1894.28
S00920,7/3/2023 0:00,C0035,Sea,Jeddah,Makkah,1,1425.49
S00921,3/21/2024 0:00,C0399,Air,Riyadh,Madinah,3,1914.74
S00922,4/4/2020 0:00,C0494,Air,Jeddah,Madinah,10,1142.7
S00923,1/4/2023 0:00,C0002,Air,Riyadh,Jeddah,6,4883.84
S00924,8/27/2020 0:00,C0491,Road,Riyadh,Abha,5,4382.16
S00925,7/17/2022 0:00,C0140,Road,Jeddah,Abha,6,1868.84
S00926,11/22/2023 0:00,C0113,Road,Jeddah,Dammam,10,1579.05
S00927,6/22/2024 0:00,C0360,Sea,Dammam,Jeddah,6,1659.28
S00928,10/11/2022 0:00,C0098,Road,Jeddah,Riyadh,7,3656.53
S00929,4/17/2020 0:00,C0082,Sea,Jeddah,Dammam,2,3478.61
S00930,6/15/2023 0:00,C0495,Air,Riyadh,Jeddah,5,2530.7
S00931,12/8/2025 0:00,C0227,Road,Jeddah,Riyadh,10,4084.57
S00932,10/8/2024 0:00,C0382,Air,Dammam,Abha,1,2309.39
S00933,11/16/2023 0:00,C0027,Sea,Dammam,Riyadh,2,717.16
S00934,6/27/2022 0:00,C0155,Air,Jeddah,Abha,5,1589.68
S00935,10/10/2020 0:00,C0170,Road,Jeddah,Abha,4,3920.23
S00936,7/5/2024 0:00,C0144,Sea,Jeddah,Riyadh,4,3327.25
S00937,6/3/2020 0:00,C0230,Road,Riyadh,Madinah,5,182.31
S00938,3/3/2022 0:00,C0156,Air,Riyadh,Riyadh,2,1662.17
S00939,4/22/2022 0:00,C0409,Air,Dammam,Jeddah,9,3353.7
S00940,7/10/2020 0:00,C0142,Air,Dammam,Riyadh,9,3394.25
S00941,4/14/2025 0:00,C0081,Road,Riyadh,Jeddah,6,508.78
S00942,1/21/2022 0:00,C0155,Sea,Riyadh,Abha,5,3331.49
S00943,8/7/2020 0:00,C0209,Air,Jeddah,Madinah,6,3173.97
S00944,3/25/2024 0:00,C0343,Sea,Riyadh,Riyadh,6,1656.2
S00945,2/2/2023 0:00,C0265,Air,Dammam,Makkah,3,2054.81
S00946,12/5/2025 0:00,C0239,Sea,Dammam,Riyadh,7,580.13
S00947,8/26/2022 0:00,C0052,Road,Riyadh,Jeddah,4,4434.71
S00948,1/29/2023 0:00,C0113,Sea,Jeddah,Dammam,6,163.94
S00949,2/11/2020 0:00,C0019,Air,Dammam,Makkah,6,4555.61
S00950,1/22/2020 0:00,C0158,Sea,Riyadh,Makkah,10,3661.4
S00951,11/13/2022 0:00,C0101,Road,Jeddah,Madinah,4,969.93
S00952,6/25/2021 0:00,C0207,Air,Riyadh,Dammam,6,1948.73
S00953,1/7/2024 0:00,C0398,Air,Riyadh,Riyadh,1,4400.53
S00954,6/15/2020 0:00,C0007,Road,Dammam,Dammam,5,3518.03
S00955,5/2/2023 0:00,C0363,Sea,Jeddah,Madinah,7,1644.34
S00956,7/4/2023 0:00,C0407,Air,Dammam,Riyadh,9,1767.54
S00957,6/19/2025 0:00,C0140,Air,Dammam,Jeddah,2,2267.49
S00958,5/30/2020 0:00,C0344,Sea,Jeddah,Jeddah,4,772.08
S00959,5/25/2023 0:00,C0430,Road,Dammam,Madinah,8,2158.04
S00960,11/30/2024 0:00,C0071,Sea,Jeddah,Riyadh,8,2773.69
S00961,6/23/2024 0:00,C0040,Air,Dammam,Riyadh,8,3190.17
S00962,7/21/2022 0:00,C0363,Air,Riyadh,Dammam,1,380.08
S00963,2/11/2025 0:00,C0061,Air,Jeddah,Abha,1,2537.03
S00964,8/14/2023 0:00,C0239,Air,Jeddah,Madinah,7,2034.88
S00965,2/16/2023 0:00,C0298,Sea,Jeddah,Madinah,6,2403.62
S00966,2/15/2022 0:00,C0365,Road,Jeddah,Riyadh,9,2191.51
S00967,10/1/2020 0:00,C0414,Road,Dammam,Abha,6,985.78
S00968,3/5/2024 0:00,C0191,Road,Riyadh,Madinah,2,2390.57
S00969,3/2/2020 0:00,C0373,Road,Jeddah,Abha,9,4109.78
S00970,5/3/2024 0:00,C0120,Sea,Riyadh,Makkah,10,164.39
S00971,3/5/2020 0:00,C0266,Sea,Jeddah,Makkah,6,2067.33
S00972,11/10/2022 0:00,C0085,Air,Jeddah,Riyadh,6,3895.92
S00973,3/15/2023 0:00,C0193,Sea,Dammam,Jeddah,5,1820.5
S00974,3/27/2022 0:00,C0410,Air,Riyadh,Dammam,7,4106.06
S00975,5/14/2021 0:00,C0419,Road,Jeddah,Makkah,8,102.16
S00976,12/12/2020 0:00,C0208,Air,Dammam,Dammam,9,4650.76
S00977,3/6/2021 0:00,C0185,Air,Jeddah,Makkah,8,2095.86
S00978,12/22/2022 0:00,C0485,Road,Dammam,Makkah,6,3957.52
S00979,1/29/2021 0:00,C0293,Road,Riyadh,Makkah,2,879.89
S00980,1/18/2021 0:00,C0052,Air,Jeddah,Madinah,10,4621.65
S00981,4/26/2022 0:00,C0094,Road,Riyadh,Makkah,4,4167.28
S00982,2/9/2023 0:00,C0104,Air,Jeddah,Jeddah,1,4641.39
S00983,2/12/2020 0:00,C0235,Sea,Jeddah,Abha,2,2174.32
S00984,3/24/2024 0:00,C0263,Air,Jeddah,Jeddah,1,4343.87
S00985,7/19/2023 0:00,C0389,Air,Dammam,Abha,8,2826.5
S00986,8/15/2020 0:00,C0390,Sea,Dammam,Riyadh,6,4607.67
S00987,9/19/2020 0:00,C0190,Road,Jeddah,Riyadh,3,2675.55
S00988,12/1/2021 0:00,C0276,Air,Riyadh,Makkah,10,4548.53
S00989,11/10/2022 0:00,C0479,Road,Jeddah,Abha,6,3040.36
S00990,3/8/2023 0:00,C0450,Road,Jeddah,Dammam,10,4431.71
S00991,7/19/2020 0:00,C0117,Road,Jeddah,Riyadh,9,3701.95
S00992,10/26/2023 0:00,C0391,Air,Riyadh,Dammam,8,522.02
S00993,5/4/2022 0:00,C0383,Road,Riyadh,Riyadh,2,4197.72
S00994,11/28/2024 0:00,C0108,Air,Riyadh,Makkah,2,3366.91
S00995,6/12/2020 0:00,C0225,Sea,Jeddah,Madinah,1,3576.67
S00996,10/6/2022 0:00,C0379,Air,Jeddah,Jeddah,5,1310.92
S00997,1/6/2021 0:00,C0235,Road,Riyadh,Jeddah,9,208.07
S00998,9/8/2024 0:00,C0004,Road,Riyadh,Dammam,5,709.96
S00999,6/2/2020 0:00,C0196,Sea,Jeddah,Madinah,3,892.6
S01000,10/24/2020 0:00,C0203,Sea,Dammam,Jeddah,9,449.42
S01001,11/1/2022 0:00,C0294,Sea,Riyadh,Madinah,1,3634.08
S01002,5/22/2022 0:00,C0462,Air,Dammam,Jeddah,2,2638.8
S01003,5/25/2022 0:00,C0116,Air,Dammam,Makkah,4,3411.08
S01004,4/23/2025 0:00,C0302,Road,Dammam,Makkah,4,4910.5
S01005,2/6/2025 0:00,C0329,Road,Dammam,Riyadh,2,860.72
S01006,4/25/2020 0:00,C0202,Road,Dammam,Dammam,10,4128.07
S01007,8/14/2020 0:00,C0249,Sea,Jeddah,Jeddah,10,3076
S01008,11/26/2021 0:00,C0030,Air,Jeddah,Jeddah,8,1901.44
S01009,3/14/2024 0:00,C0403,Air,Riyadh,Madinah,7,4406
S01010,4/23/2022 0:00,C0407,Sea,Riyadh,Abha,7,3519.94
S01011,2/15/2021 0:00,C0143,Road,Jeddah,Abha,10,4905.11
S01012,4/4/2020 0:00,C0373,Sea,Riyadh,Madinah,4,610.33
S01013,1/19/2021 0:00,C0162,Air,Jeddah,Jeddah,5,1353.32
S01014,12/13/2024 0:00,C0127,Road,Dammam,Abha,2,1010.88
S01015,12/11/2024 0:00,C0213,Road,Dammam,Abha,8,3573.93
S01016,8/28/2024 0:00,C0111,Air,Jeddah,Makkah,7,824.94
S01017,11/5/2021 0:00,C0449,Air,Riyadh,Dammam,5,949.86
S01018,7/18/2022 0:00,C0187,Air,Riyadh,Abha,6,4427.52
S01019,2/26/2021 0:00,C0473,Air,Jeddah,Madinah,6,3197.77
S01020,5/5/2022 0:00,C0443,Road,Riyadh,Riyadh,9,1874.14
S01021,10/6/2025 0:00,C0423,Air,Jeddah,Makkah,6,3884.39
S01022,12/8/2023 0:00,C0088,Road,Dammam,Makkah,2,3169.73
S01023,8/5/2022 0:00,C0244,Air,Jeddah,Abha,8,1547.59
S01024,7/28/2020 0:00,C0065,Road,Dammam,Makkah,7,2413.89
S01025,10/7/2021 0:00,C0265,Sea,Riyadh,Abha,6,4512.7
S01026,7/10/2022 0:00,C0441,Air,Dammam,Madinah,4,702.93
S01027,12/20/2023 0:00,C0022,Air,Jeddah,Jeddah,10,1459.22
S01028,7/8/2021 0:00,C0370,Air,Jeddah,Abha,7,2993.65
S01029,5/18/2025 0:00,C0322,Sea,Dammam,Madinah,1,257.12
S01030,3/14/2025 0:00,C0474,Road,Jeddah,Jeddah,4,4009.92
S01031,7/20/2021 0:00,C0176,Air,Jeddah,Jeddah,10,2030.91
S01032,6/3/2020 0:00,C0105,Road,Dammam,Dammam,1,3119.65
S01033,9/7/2020 0:00,C0419,Sea,Jeddah,Riyadh,5,1473.35
S01034,1/9/2023 0:00,C0458,Road,Jeddah,Jeddah,8,4848.72
S01035,4/18/2022 0:00,C0252,Road,Riyadh,Dammam,5,311.94
S01036,7/16/2021 0:00,C0456,Road,Jeddah,Riyadh,5,4834.12
S01037,9/29/2023 0:00,C0054,Road,Riyadh,Dammam,3,765.33
S01038,6/23/2022 0:00,C0099,Road,Jeddah,Riyadh,7,1566.1
S01039,2/17/2024 0:00,C0437,Road,Dammam,Makkah,7,3823.01
S01040,10/20/2025 0:00,C0372,Air,Dammam,Dammam,5,1215.62
S01041,12/31/2023 0:00,C0073,Air,Dammam,Makkah,5,3604.82
S01042,11/24/2021 0:00,C0010,Air,Riyadh,Dammam,5,1492.66
S01043,10/26/2023 0:00,C0061,Sea,Jeddah,Madinah,9,2424.4
S01044,12/20/2025 0:00,C0422,Road,Riyadh,Makkah,5,1489.92
S01045,7/20/2024 0:00,C0256,Air,Riyadh,Madinah,6,656.39
S01046,7/1/2021 0:00,C0166,Air,Dammam,Jeddah,3,3216.95
S01047,10/2/2024 0:00,C0093,Sea,Riyadh,Madinah,7,4535.06
S01048,10/30/2024 0:00,C0232,Sea,Dammam,Jeddah,5,1441.37
S01049,5/28/2020 0:00,C0173,Road,Jeddah,Jeddah,9,4586.39
S01050,9/26/2020 0:00,C0361,Sea,Dammam,Dammam,2,2891.64
S01051,3/21/2024 0:00,C0246,Air,Riyadh,Madinah,2,996.99
S01052,11/12/2024 0:00,C0241,Road,Dammam,Abha,6,834.73
S01053,2/12/2022 0:00,C0461,Road,Dammam,Riyadh,8,2622.3
S01054,2/21/2024 0:00,C0462,Road,Dammam,Jeddah,2,4499.19
S01055,5/27/2020 0:00,C0356,Sea,Jeddah,Abha,9,4336.52
S01056,11/13/2022 0:00,C0330,Road,Jeddah,Makkah,7,2049.42
S01057,2/11/2025 0:00,C0431,Road,Jeddah,Abha,6,2466.99
S01058,11/23/2024 0:00,C0324,Air,Dammam,Jeddah,6,844.58
S01059,1/4/2022 0:00,C0348,Air,Dammam,Abha,2,255.98
S01060,2/10/2021 0:00,C0123,Road,Riyadh,Jeddah,1,3075.53
S01061,4/19/2021 0:00,C0108,Air,Riyadh,Madinah,9,4742.84
S01062,9/30/2024 0:00,C0473,Sea,Dammam,Dammam,7,1633.39
S01063,5/24/2023 0:00,C0099,Air,Jeddah,Abha,3,1553.47
S01064,7/3/2023 0:00,C0496,Road,Jeddah,Riyadh,8,3235.29
S01065,11/8/2021 0:00,C0033,Road,Dammam,Abha,2,3344.42
S01066,11/5/2024 0:00,C0437,Sea,Riyadh,Dammam,8,100.13
S01067,1/10/2023 0:00,C0086,Air,Dammam,Abha,1,2843.38
S01068,12/11/2021 0:00,C0217,Air,Dammam,Jeddah,2,1153.76
S01069,11/15/2020 0:00,C0092,Road,Riyadh,Madinah,5,1611.98
S01070,2/22/2023 0:00,C0168,Air,Riyadh,Madinah,6,371.35
S01071,8/1/2024 0:00,C0048,Air,Dammam,Abha,5,2156.04
S01072,1/12/2023 0:00,C0176,Air,Jeddah,Abha,10,1802.21
S01073,11/15/2024 0:00,C0469,Sea,Riyadh,Makkah,3,3876.25
S01074,2/21/2023 0:00,C0397,Sea,Dammam,Makkah,3,868.36
S01075,8/11/2022 0:00,C0334,Road,Riyadh,Madinah,4,898.07
S01076,8/20/2023 0:00,C0465,Sea,Dammam,Dammam,8,882.14
S01077,2/21/2023 0:00,C0321,Air,Dammam,Riyadh,5,4186.33
S01078,11/14/2024 0:00,C0465,Road,Riyadh,Madinah,8,3185.51
S01079,3/19/2023 0:00,C0131,Sea,Riyadh,Jeddah,10,2746.24
S01080,9/9/2020 0:00,C0497,Air,Dammam,Madinah,8,1684.9
S01081,8/11/2025 0:00,C0170,Air,Dammam,Riyadh,5,1525.91
S01082,12/23/2020 0:00,C0341,Air,Riyadh,Makkah,1,2204.52
S01083,10/10/2020 0:00,C0360,Air,Dammam,Madinah,1,1791.29
S01084,10/4/2021 0:00,C0284,Air,Jeddah,Makkah,9,3301.22
S01085,6/28/2023 0:00,C0233,Air,Riyadh,Dammam,10,4272.52
S01086,12/18/2022 0:00,C0136,Sea,Dammam,Dammam,4,136.49
S01087,9/28/2022 0:00,C0113,Sea,Riyadh,Abha,6,1482.13
S01088,5/29/2020 0:00,C0169,Air,Jeddah,Makkah,8,2396.44
S01089,7/29/2023 0:00,C0499,Sea,Riyadh,Jeddah,1,1821.46
S01090,11/13/2020 0:00,C0402,Air,Dammam,Makkah,10,116.42
S01091,5/24/2021 0:00,C0103,Road,Dammam,Makkah,9,457.08
S01092,4/1/2021 0:00,C0443,Road,Jeddah,Riyadh,2,1434.14
S01093,3/12/2020 0:00,C0465,Air,Riyadh,Jeddah,1,1210.36
S01094,1/10/2024 0:00,C0397,Air,Dammam,Dammam,9,1268.96
S01095,12/5/2022 0:00,C0209,Air,Jeddah,Dammam,8,378.11
S01096,9/1/2023 0:00,C0346,Sea,Dammam,Jeddah,8,3621.48
S01097,5/4/2023 0:00,C0479,Road,Dammam,Jeddah,2,2818.38
S01098,12/30/2024 0:00,C0359,Air,Jeddah,Madinah,9,1673.02
S01099,1/22/2025 0:00,C0318,Air,Riyadh,Abha,10,2762.5
S01100,1/15/2022 0:00,C0425,Road,Dammam,Abha,3,2160.52
S01101,8/9/2022 0:00,C0478,Road,Dammam,Madinah,2,4164.21
S01102,4/24/2025 0:00,C0422,Road,Dammam,Makkah,8,4737.96
S01103,9/18/2022 0:00,C0019,Air,Dammam,Makkah,9,2609.67
S01104,4/12/2020 0:00,C0165,Air,Dammam,Madinah,3,2795.14
S01105,4/10/2022 0:00,C0055,Sea,Riyadh,Abha,9,1966.21
S01106,11/22/2021 0:00,C0241,Air,Jeddah,Jeddah,2,3861.28
S01107,7/17/2021 0:00,C0108,Air,Jeddah,Jeddah,4,4974.62
S01108,6/24/2022 0:00,C0482,Sea,Dammam,Jeddah,3,599.32
S01109,8/31/2021 0:00,C0439,Sea,Riyadh,Dammam,4,161.03
S01110,9/13/2023 0:00,C0160,Air,Jeddah,Dammam,1,1851.42
S01111,7/29/2020 0:00,C0269,Road,Jeddah,Dammam,4,4326.29
S01112,10/20/2024 0:00,C0407,Road,Dammam,Abha,7,3173.63
S01113,12/8/2022 0:00,C0144,Air,Riyadh,Dammam,3,2310.9
S01114,11/11/2023 0:00,C0275,Sea,Jeddah,Abha,1,152.76
S01115,11/26/2024 0:00,C0395,Air,Jeddah,Abha,8,4251.72
S01116,9/11/2021 0:00,C0309,Air,Riyadh,Dammam,6,3541.77
S01117,6/3/2023 0:00,C0028,Air,Jeddah,Madinah,9,3254.96
S01118,1/7/2024 0:00,C0173,Sea,Dammam,Makkah,4,2064.69
S01119,10/5/2024 0:00,C0333,Sea,Jeddah,Madinah,4,2598.76
S01120,2/6/2024 0:00,C0241,Sea,Riyadh,Dammam,3,3451.33
S01121,7/23/2022 0:00,C0432,Road,Dammam,Madinah,2,910.86
S01122,12/21/2024 0:00,C0442,Sea,Dammam,Dammam,10,2127.03
S01123,9/16/2024 0:00,C0074,Sea,Jeddah,Makkah,3,2082.49
S01124,10/9/2025 0:00,C0393,Road,Riyadh,Jeddah,7,4021.57
S01125,7/26/2020 0:00,C0086,Sea,Riyadh,Makkah,6,3427.03
S01126,10/13/2022 0:00,C0021,Road,Dammam,Jeddah,1,1709.32
S01127,6/5/2025 0:00,C0116,Road,Riyadh,Makkah,1,3313.36
S01128,11/7/2020 0:00,C0173,Road,Riyadh,Makkah,5,2662.12
S01129,8/27/2023 0:00,C0412,Sea,Riyadh,Madinah,6,3887.25
S01130,2/10/2024 0:00,C0222,Sea,Jeddah,Madinah,1,2047.13
S01131,3/27/2024 0:00,C0316,Sea,Riyadh,Madinah,1,1995.57
S01132,10/24/2022 0:00,C0224,Air,Jeddah,Riyadh,3,4068.86
S01133,11/7/2023 0:00,C0266,Sea,Riyadh,Madinah,6,4131.03
S01134,7/4/2021 0:00,C0032,Road,Jeddah,Dammam,6,3818.93
S01135,10/29/2021 0:00,C0481,Sea,Jeddah,Riyadh,7,2628.91
S01136,9/1/2024 0:00,C0319,Road,Jeddah,Abha,6,2194.38
S01137,12/25/2025 0:00,C0025,Air,Dammam,Makkah,7,2298.83
S01138,2/20/2024 0:00,C0109,Sea,Jeddah,Abha,10,4631.52
S01139,1/4/2021 0:00,C0123,Road,Riyadh,Dammam,10,2256.02
S01140,10/30/2025 0:00,C0114,Road,Riyadh,Makkah,4,4065.85
S01141,9/1/2022 0:00,C0170,Air,Jeddah,Makkah,7,1362.21
S01142,6/20/2022 0:00,C0326,Road,Jeddah,Madinah,7,496.75
S01143,7/14/2025 0:00,C0344,Air,Dammam,Dammam,10,4222.42
S01144,10/11/2020 0:00,C0445,Road,Dammam,Dammam,4,2764.39
S01145,8/24/2024 0:00,C0434,Air,Riyadh,Abha,6,377.69
S01146,12/10/2020 0:00,C0118,Road,Jeddah,Dammam,7,3969.52
S01147,7/31/2022 0:00,C0017,Road,Dammam,Jeddah,1,511.66
S01148,8/30/2021 0:00,C0390,Road,Riyadh,Dammam,10,4232.32
S01149,10/1/2022 0:00,C0265,Sea,Jeddah,Abha,5,2179.71
S01150,10/20/2020 0:00,C0322,Sea,Dammam,Jeddah,8,3912.28
S01151,11/12/2025 0:00,C0239,Air,Jeddah,Riyadh,4,2228.6
S01152,8/3/2023 0:00,C0216,Air,Jeddah,Dammam,6,4223.25
S01153,12/31/2022 0:00,C0406,Air,Dammam,Madinah,5,1630.09
S01154,6/28/2021 0:00,C0392,Road,Riyadh,Makkah,5,3475.11
S01155,11/3/2025 0:00,C0389,Sea,Jeddah,Makkah,2,361.32
S01156,5/27/2021 0:00,C0054,Sea,Riyadh,Riyadh,10,2746.86
S01157,8/19/2025 0:00,C0239,Sea,Jeddah,Dammam,4,342.54
S01158,6/14/2022 0:00,C0073,Road,Riyadh,Riyadh,3,3898.41
S01159,3/22/2025 0:00,C0451,Sea,Dammam,Madinah,6,1136.47
S01160,6/30/2023 0:00,C0020,Sea,Jeddah,Riyadh,3,912.58
S01161,9/2/2024 0:00,C0227,Air,Jeddah,Makkah,9,3007.05
S01162,5/14/2025 0:00,C0399,Road,Dammam,Dammam,2,2098.77
S01163,2/8/2020 0:00,C0291,Air,Jeddah,Abha,4,345.4
S01164,6/6/2022 0:00,C0213,Road,Riyadh,Riyadh,1,2720.6
S01165,11/14/2025 0:00,C0068,Sea,Dammam,Makkah,10,3206.34
S01166,5/11/2023 0:00,C0125,Air,Jeddah,Makkah,9,739.43
S01167,5/5/2024 0:00,C0253,Air,Riyadh,Dammam,10,632.48
S01168,4/4/2021 0:00,C0147,Air,Dammam,Makkah,6,3143.55
S01169,5/3/2025 0:00,C0408,Road,Jeddah,Makkah,8,2427.46
S01170,3/18/2022 0:00,C0245,Air,Jeddah,Riyadh,9,4278.09
S01171,3/29/2022 0:00,C0304,Air,Dammam,Abha,7,3671.08
S01172,3/27/2020 0:00,C0047,Air,Jeddah,Dammam,10,2256.09
S01173,6/22/2021 0:00,C0262,Sea,Riyadh,Madinah,5,3045.02
S01174,9/27/2024 0:00,C0319,Air,Jeddah,Riyadh,6,3498.68
S01175,8/8/2023 0:00,C0416,Road,Jeddah,Dammam,9,2414.93
S01176,7/2/2020 0:00,C0125,Sea,Dammam,Abha,5,3920.86
S01177,11/7/2023 0:00,C0449,Air,Dammam,Makkah,5,1607
S01178,7/26/2023 0:00,C0125,Sea,Jeddah,Abha,1,1514.16
S01179,12/28/2023 0:00,C0498,Road,Riyadh,Riyadh,10,3395.59
S01180,7/2/2021 0:00,C0002,Road,Dammam,Dammam,4,4860
S01181,5/22/2022 0:00,C0448,Air,Jeddah,Makkah,6,2701.53
S01182,12/11/2020 0:00,C0312,Air,Riyadh,Abha,2,182.85
S01183,7/4/2020 0:00,C0367,Air,Riyadh,Dammam,8,3935.4
S01184,4/16/2021 0:00,C0104,Road,Dammam,Makkah,6,2561.52
S01185,1/2/2024 0:00,C0376,Air,Jeddah,Dammam,2,4263.81
S01186,3/12/2020 0:00,C0335,Road,Dammam,Riyadh,5,2614.35
S01187,3/6/2023 0:00,C0200,Sea,Riyadh,Jeddah,10,3220
S01188,9/23/2023 0:00,C0475,Air,Jeddah,Dammam,2,4336.12
S01189,8/18/2021 0:00,C0115,Air,Jeddah,Makkah,10,3914.91
S01190,9/11/2025 0:00,C0301,Road,Jeddah,Abha,6,2258.76
S01191,5/9/2023 0:00,C0162,Air,Jeddah,Makkah,9,3921.41
S01192,3/1/2025 0:00,C0333,Air,Dammam,Makkah,1,2419.42
S01193,1/23/2025 0:00,C0061,Road,Dammam,Riyadh,6,2673.52
S01194,9/11/2022 0:00,C0141,Sea,Riyadh,Jeddah,5,1935.53
S01195,2/9/2025 0:00,C0272,Road,Jeddah,Makkah,5,2262.47
S01196,3/2/2023 0:00,C0246,Road,Dammam,Madinah,2,1015.42
S01197,5/6/2022 0:00,C0281,Air,Jeddah,Makkah,7,2714.98
S01198,3/31/2021 0:00,C0068,Road,Dammam,Abha,9,4278.42
S01199,10/7/2024 0:00,C0318,Sea,Jeddah,Dammam,7,1916.53
S01200,3/23/2023 0:00,C0415,Air,Jeddah,Madinah,9,3791.19
S01201,1/25/2020 0:00,C0199,Sea,Dammam,Riyadh,6,4368.43
S01202,12/13/2021 0:00,C0379,Air,Jeddah,Makkah,4,3252.19
S01203,4/24/2025 0:00,C0317,Air,Dammam,Makkah,7,4646.96
S01204,9/9/2022 0:00,C0351,Road,Riyadh,Madinah,3,2278.33
S01205,11/12/2023 0:00,C0241,Air,Jeddah,Riyadh,1,3587.54
S01206,8/30/2023 0:00,C0433,Sea,Riyadh,Jeddah,5,4455.06
S01207,2/10/2022 0:00,C0482,Road,Jeddah,Abha,8,2197.03
S01208,10/23/2023 0:00,C0139,Air,Jeddah,Jeddah,6,3615.69
S01209,8/13/2022 0:00,C0049,Sea,Riyadh,Jeddah,2,1913.36
S01210,10/27/2020 0:00,C0436,Air,Dammam,Abha,3,2986.67
S01211,1/31/2024 0:00,C0148,Road,Dammam,Dammam,7,3766.98
S01212,9/21/2022 0:00,C0290,Air,Jeddah,Jeddah,3,518.13
S01213,2/2/2024 0:00,C0499,Sea,Riyadh,Madinah,6,3328.4
S01214,2/6/2025 0:00,C0141,Road,Riyadh,Abha,4,1593.91
S01215,6/12/2020 0:00,C0015,Road,Riyadh,Riyadh,5,3050.4
S01216,11/18/2023 0:00,C0139,Air,Jeddah,Abha,3,2378.89
S01217,12/2/2023 0:00,C0261,Sea,Riyadh,Riyadh,9,3876.49
S01218,4/6/2023 0:00,C0228,Air,Jeddah,Abha,8,1629.2
S01219,6/21/2023 0:00,C0294,Sea,Riyadh,Dammam,10,2009.15
S01220,12/27/2020 0:00,C0240,Sea,Dammam,Abha,2,2082.22
S01221,6/13/2025 0:00,C0253,Sea,Jeddah,Makkah,4,4439.48
S01222,1/1/2022 0:00,C0280,Air,Dammam,Abha,10,3026.97
S01223,7/29/2023 0:00,C0154,Road,Jeddah,Madinah,10,2631.51
S01224,11/28/2024 0:00,C0432,Sea,Jeddah,Jeddah,9,3929.88
S01225,2/15/2023 0:00,C0302,Air,Riyadh,Dammam,7,506.72
S01226,10/29/2021 0:00,C0091,Air,Jeddah,Jeddah,9,886.57
S01227,6/18/2020 0:00,C0265,Air,Dammam,Makkah,1,3062.89
S01228,7/20/2020 0:00,C0428,Sea,Jeddah,Abha,10,1517.98
S01229,6/25/2023 0:00,C0383,Road,Dammam,Dammam,9,3886.5
S01230,8/11/2021 0:00,C0387,Road,Jeddah,Jeddah,10,3801.76
S01231,11/8/2023 0:00,C0080,Air,Riyadh,Makkah,6,2915.44
S01232,10/8/2021 0:00,C0376,Air,Riyadh,Abha,7,3538.41
S01233,1/5/2021 0:00,C0144,Air,Riyadh,Abha,10,754.99
S01234,5/15/2022 0:00,C0194,Air,Dammam,Makkah,4,3909.6
S01235,8/12/2020 0:00,C0212,Air,Dammam,Riyadh,7,1455.37
S01236,10/8/2025 0:00,C0086,Sea,Dammam,Abha,3,421.24
S01237,5/30/2024 0:00,C0030,Sea,Jeddah,Dammam,3,4302.11
S01238,7/1/2022 0:00,C0172,Air,Jeddah,Makkah,4,3631.4
S01239,2/20/2022 0:00,C0294,Sea,Riyadh,Madinah,4,575.71
S01240,7/31/2025 0:00,C0180,Sea,Riyadh,Makkah,5,2835.24
S01241,12/8/2025 0:00,C0154,Road,Riyadh,Madinah,2,4842.96
S01242,4/13/2025 0:00,C0137,Air,Jeddah,Jeddah,5,3193.6
S01243,2/17/2024 0:00,C0109,Road,Riyadh,Madinah,5,901.68
S01244,8/19/2022 0:00,C0067,Sea,Jeddah,Riyadh,8,2121.86
S01245,1/24/2022 0:00,C0385,Road,Riyadh,Riyadh,1,1462.53
S01246,9/24/2021 0:00,C0200,Sea,Jeddah,Riyadh,10,1606.09
S01247,10/3/2025 0:00,C0464,Road,Jeddah,Jeddah,8,625.96
S01248,1/18/2020 0:00,C0096,Road,Riyadh,Abha,5,4366.65
S01249,11/17/2021 0:00,C0091,Road,Riyadh,Abha,5,1310.38
S01250,8/2/2025 0:00,C0264,Air,Jeddah,Jeddah,7,4520.34
S01251,1/10/2024 0:00,C0249,Air,Dammam,Dammam,8,2767.61
S01252,12/8/2022 0:00,C0138,Sea,Riyadh,Dammam,4,1009.26
S01253,5/6/2021 0:00,C0026,Sea,Jeddah,Makkah,6,1766.97
S01254,5/18/2022 0:00,C0127,Sea,Dammam,Riyadh,9,4721.48
S01255,11/10/2024 0:00,C0431,Road,Jeddah,Abha,5,3072.91
S01256,10/12/2023 0:00,C0037,Road,Dammam,Riyadh,5,3930.72
S01257,10/28/2021 0:00,C0218,Air,Riyadh,Madinah,10,4398.98
S01258,6/6/2024 0:00,C0427,Sea,Jeddah,Jeddah,8,2265.43
S01259,12/17/2021 0:00,C0248,Road,Jeddah,Jeddah,2,314.4
S01260,5/13/2020 0:00,C0145,Road,Riyadh,Madinah,2,2649.47
S01261,7/27/2025 0:00,C0015,Road,Dammam,Dammam,2,3312.75
S01262,9/3/2021 0:00,C0084,Air,Dammam,Riyadh,10,3264.38
S01263,11/12/2022 0:00,C0190,Road,Riyadh,Makkah,8,2854.47
S01264,4/22/2024 0:00,C0215,Road,Jeddah,Abha,4,1415.74
S01265,1/5/2023 0:00,C0479,Air,Dammam,Makkah,7,2745.41
S01266,9/10/2025 0:00,C0126,Sea,Riyadh,Riyadh,5,3460.33
S01267,4/3/2024 0:00,C0073,Road,Riyadh,Jeddah,5,365.88
S01268,3/16/2021 0:00,C0073,Road,Jeddah,Riyadh,3,2211.89
S01269,7/18/2021 0:00,C0468,Air,Jeddah,Abha,1,2727.16
S01270,10/5/2020 0:00,C0418,Air,Riyadh,Jeddah,2,2632.84
S01271,4/25/2021 0:00,C0377,Air,Jeddah,Madinah,5,4696.87
S01272,9/23/2022 0:00,C0113,Road,Dammam,Abha,4,679.66
S01273,4/25/2020 0:00,C0453,Air,Riyadh,Abha,10,1137.18
S01274,3/3/2025 0:00,C0112,Air,Jeddah,Jeddah,10,4778.59
S01275,12/19/2022 0:00,C0427,Sea,Jeddah,Makkah,7,3976.12
S01276,3/8/2020 0:00,C0299,Air,Jeddah,Abha,2,2386.73
S01277,12/21/2022 0:00,C0399,Air,Jeddah,Riyadh,6,1705.68
S01278,12/20/2023 0:00,C0257,Air,Dammam,Jeddah,8,4217.59
S01279,7/16/2024 0:00,C0364,Road,Riyadh,Riyadh,2,253.84
S01280,12/24/2025 0:00,C0388,Sea,Jeddah,Dammam,3,3917.36
S01281,12/27/2025 0:00,C0106,Air,Jeddah,Madinah,7,1766.91
S01282,9/18/2025 0:00,C0011,Sea,Jeddah,Jeddah,10,4255.76
S01283,6/3/2025 0:00,C0072,Air,Dammam,Dammam,4,535.04
S01284,7/9/2022 0:00,C0371,Road,Riyadh,Dammam,6,1813.13
S01285,3/28/2023 0:00,C0480,Air,Riyadh,Riyadh,5,4964.03
S01286,11/9/2022 0:00,C0329,Road,Jeddah,Abha,6,2624.75
S01287,10/1/2021 0:00,C0223,Road,Riyadh,Madinah,2,4227.29
S01288,8/12/2022 0:00,C0311,Sea,Dammam,Jeddah,7,1086.4
S01289,9/30/2023 0:00,C0025,Air,Dammam,Madinah,5,868.37
S01290,8/30/2021 0:00,C0359,Air,Riyadh,Riyadh,9,4627.36
S01291,10/21/2024 0:00,C0090,Air,Dammam,Riyadh,7,4244.72
S01292,12/11/2022 0:00,C0079,Sea,Jeddah,Dammam,3,4350.25
S01293,11/5/2023 0:00,C0310,Road,Jeddah,Dammam,4,564.87
S01294,8/14/2025 0:00,C0261,Air,Jeddah,Madinah,10,4382.38
S01295,9/24/2020 0:00,C0283,Sea,Riyadh,Riyadh,2,1391.05
S01296,6/26/2022 0:00,C0485,Air,Jeddah,Dammam,6,3597.33
S01297,6/14/2022 0:00,C0484,Sea,Jeddah,Riyadh,1,3886.06
S01298,1/1/2020 0:00,C0456,Air,Dammam,Madinah,2,4932.66
S01299,6/26/2023 0:00,C0077,Road,Dammam,Jeddah,10,3514.07
S01300,10/24/2024 0:00,C0441,Air,Jeddah,Madinah,10,1485.42
S01301,5/12/2021 0:00,C0358,Air,Dammam,Jeddah,6,1872.68
S01302,2/9/2020 0:00,C0450,Sea,Dammam,Madinah,8,554.21
S01303,12/13/2023 0:00,C0034,Air,Jeddah,Madinah,6,797.65
S01304,8/10/2022 0:00,C0324,Sea,Riyadh,Dammam,2,416.81
S01305,5/28/2023 0:00,C0051,Air,Riyadh,Abha,5,1372.23
S01306,10/8/2023 0:00,C0427,Air,Dammam,Riyadh,8,3991.65
S01307,5/31/2025 0:00,C0215,Air,Dammam,Makkah,7,1542.52
S01308,11/9/2020 0:00,C0431,Sea,Riyadh,Riyadh,7,4019.34
S01309,3/6/2023 0:00,C0185,Road,Jeddah,Makkah,2,1138.8
S01310,3/8/2020 0:00,C0291,Air,Riyadh,Makkah,10,704.67
S01311,4/1/2025 0:00,C0276,Road,Riyadh,Abha,6,2793.62
S01312,2/9/2021 0:00,C0016,Road,Dammam,Abha,4,4605.91
S01313,10/23/2021 0:00,C0140,Sea,Jeddah,Abha,5,908.72
S01314,2/28/2021 0:00,C0079,Road,Dammam,Madinah,6,4011.28
S01315,2/5/2021 0:00,C0058,Air,Riyadh,Abha,8,3882.64
S01316,9/13/2023 0:00,C0371,Sea,Jeddah,Dammam,9,875.47
S01317,4/28/2021 0:00,C0386,Road,Dammam,Dammam,6,4703.96
S01318,6/29/2020 0:00,C0297,Sea,Riyadh,Jeddah,2,2738.27
S01319,5/3/2020 0:00,C0034,Road,Riyadh,Madinah,5,140.32
S01320,12/15/2020 0:00,C0167,Road,Dammam,Abha,6,2782.27
S01321,12/8/2025 0:00,C0266,Air,Dammam,Riyadh,2,789.41
S01322,7/22/2021 0:00,C0317,Air,Riyadh,Riyadh,10,1671.96
S01323,9/4/2021 0:00,C0021,Sea,Jeddah,Makkah,8,4600.27
S01324,9/9/2021 0:00,C0314,Air,Jeddah,Jeddah,4,2721.83
S01325,3/4/2020 0:00,C0277,Sea,Riyadh,Jeddah,1,3290.52
S01326,5/26/2025 0:00,C0331,Sea,Riyadh,Madinah,2,3216.33
S01327,11/21/2025 0:00,C0024,Sea,Jeddah,Jeddah,3,1812.46
S01328,3/12/2022 0:00,C0211,Air,Riyadh,Madinah,5,101.48
S01329,6/3/2020 0:00,C0305,Road,Riyadh,Dammam,10,4186.43
S01330,9/14/2023 0:00,C0138,Air,Jeddah,Abha,1,2799.59
S01331,8/24/2025 0:00,C0352,Sea,Jeddah,Madinah,5,4831.28
S01332,2/14/2022 0:00,C0040,Sea,Jeddah,Madinah,2,2081.83
S01333,6/24/2023 0:00,C0075,Air,Jeddah,Abha,5,4381.28
S01334,4/11/2020 0:00,C0335,Road,Jeddah,Riyadh,1,744.57
S01335,1/27/2022 0:00,C0419,Sea,Jeddah,Makkah,1,1809.55
S01336,5/16/2022 0:00,C0437,Sea,Jeddah,Jeddah,10,2423.36
S01337,1/31/2020 0:00,C0403,Sea,Riyadh,Madinah,3,4251.85
S01338,3/22/2024 0:00,C0496,Sea,Dammam,Madinah,4,2931.51
S01339,7/24/2025 0:00,C0079,Sea,Dammam,Riyadh,7,3623.26
S01340,3/3/2021 0:00,C0300,Air,Dammam,Abha,5,2157.44
S01341,6/19/2023 0:00,C0091,Road,Dammam,Abha,1,4976.17
S01342,8/20/2022 0:00,C0337,Road,Riyadh,Dammam,5,3323.33
S01343,4/14/2023 0:00,C0018,Sea,Dammam,Dammam,8,3406.92
S01344,6/14/2022 0:00,C0139,Road,Dammam,Dammam,10,758.7
S01345,8/27/2024 0:00,C0450,Air,Riyadh,Dammam,7,4796.81
S01346,4/21/2020 0:00,C0464,Air,Jeddah,Jeddah,4,1561.63
S01347,8/6/2025 0:00,C0325,Air,Riyadh,Makkah,4,123.17
S01348,7/6/2020 0:00,C0355,Road,Riyadh,Jeddah,7,3007.61
S01349,10/22/2024 0:00,C0040,Sea,Dammam,Makkah,7,2029.23
S01350,12/15/2025 0:00,C0126,Sea,Jeddah,Madinah,9,475.18
S01351,2/14/2020 0:00,C0299,Sea,Jeddah,Madinah,10,2999.82
S01352,10/19/2025 0:00,C0118,Road,Dammam,Madinah,10,3987.03
S01353,11/6/2025 0:00,C0083,Road,Riyadh,Abha,9,4027.76
S01354,10/31/2023 0:00,C0375,Air,Dammam,Dammam,7,3077.39
S01355,5/25/2021 0:00,C0318,Sea,Riyadh,Riyadh,10,450
S01356,12/22/2025 0:00,C0130,Air,Dammam,Abha,2,131
S01357,5/14/2024 0:00,C0353,Sea,Dammam,Makkah,5,4045.14
S01358,2/16/2021 0:00,C0471,Air,Jeddah,Riyadh,5,4203.78
S01359,8/16/2022 0:00,C0084,Air,Jeddah,Dammam,9,4965.31
S01360,10/17/2021 0:00,C0059,Sea,Riyadh,Jeddah,10,2360.08
S01361,2/14/2020 0:00,C0367,Air,Riyadh,Makkah,4,416.31
S01362,11/6/2025 0:00,C0272,Sea,Dammam,Madinah,7,3694.82
S01363,12/17/2022 0:00,C0201,Sea,Riyadh,Makkah,3,1670.83
S01364,6/19/2024 0:00,C0369,Air,Dammam,Jeddah,1,2415.8
S01365,8/24/2023 0:00,C0380,Air,Jeddah,Abha,3,338.98
S01366,5/7/2021 0:00,C0231,Sea,Riyadh,Riyadh,7,1783.24
S01367,5/12/2025 0:00,C0048,Sea,Dammam,Riyadh,8,2858.1
S01368,5/6/2023 0:00,C0066,Road,Dammam,Abha,3,4717.64
S01369,5/12/2025 0:00,C0322,Air,Dammam,Madinah,10,4112.07
S01370,12/13/2024 0:00,C0125,Air,Dammam,Dammam,1,1692.73
S01371,1/11/2025 0:00,C0246,Air,Jeddah,Madinah,3,4028.87
S01372,2/19/2021 0:00,C0168,Air,Jeddah,Jeddah,1,3606.02
S01373,8/16/2020 0:00,C0116,Sea,Riyadh,Dammam,9,4030.91
S01374,1/1/2023 0:00,C0403,Road,Dammam,Dammam,4,2964.94
S01375,11/1/2021 0:00,C0459,Road,Dammam,Abha,9,1541.27
S01376,2/25/2025 0:00,C0110,Road,Jeddah,Riyadh,4,1570.77
S01377,10/31/2020 0:00,C0399,Sea,Riyadh,Abha,1,4718.75
S01378,3/14/2024 0:00,C0417,Sea,Dammam,Jeddah,2,2926.41
S01379,4/15/2020 0:00,C0092,Air,Riyadh,Jeddah,5,3683.87
S01380,9/29/2023 0:00,C0227,Sea,Dammam,Dammam,2,3750.67
S01381,5/9/2021 0:00,C0469,Road,Jeddah,Abha,1,4830.47
S01382,11/19/2021 0:00,C0159,Air,Jeddah,Dammam,3,3114.16
S01383,9/24/2025 0:00,C0195,Sea,Riyadh,Dammam,3,1308.55
S01384,11/9/2022 0:00,C0453,Road,Dammam,Riyadh,2,2381.4
S01385,9/17/2020 0:00,C0128,Sea,Dammam,Madinah,7,948.31
S01386,2/17/2021 0:00,C0034,Air,Jeddah,Jeddah,4,3951.75
S01387,3/3/2022 0:00,C0142,Sea,Riyadh,Makkah,2,3713.95
S01388,5/14/2020 0:00,C0421,Road,Dammam,Jeddah,7,812.53
S01389,5/26/2020 0:00,C0087,Air,Dammam,Riyadh,4,251.86
S01390,12/16/2025 0:00,C0084,Road,Dammam,Riyadh,5,364.52
S01391,7/8/2021 0:00,C0472,Air,Dammam,Jeddah,8,143.04
S01392,5/6/2020 0:00,C0290,Air,Dammam,Dammam,2,4680.47
S01393,6/1/2021 0:00,C0140,Sea,Dammam,Madinah,6,1911.4
S01394,2/12/2023 0:00,C0345,Sea,Jeddah,Madinah,4,3396.43
S01395,8/28/2021 0:00,C0300,Sea,Jeddah,Riyadh,1,1509.47
S01396,10/16/2025 0:00,C0292,Air,Riyadh,Madinah,6,714.9
S01397,7/5/2023 0:00,C0315,Road,Jeddah,Dammam,8,916.3
S01398,7/11/2024 0:00,C0497,Sea,Dammam,Madinah,10,4476.13
S01399,6/7/2022 0:00,C0470,Air,Jeddah,Madinah,3,992.85
S01400,2/23/2020 0:00,C0277,Sea,Riyadh,Makkah,4,817.26
S01401,4/12/2024 0:00,C0163,Road,Dammam,Madinah,5,290.85
S01402,5/10/2021 0:00,C0493,Road,Riyadh,Jeddah,3,4850.9
S01403,9/11/2025 0:00,C0194,Sea,Jeddah,Jeddah,3,2651.82
S01404,8/16/2021 0:00,C0025,Road,Riyadh,Madinah,9,2048.42
S01405,12/7/2022 0:00,C0306,Road,Jeddah,Abha,9,4141.82
S01406,9/28/2025 0:00,C0456,Road,Dammam,Riyadh,10,4235.45
S01407,4/26/2022 0:00,C0436,Road,Jeddah,Riyadh,9,1304.07
S01408,8/8/2020 0:00,C0107,Sea,Jeddah,Abha,5,2686.59
S01409,7/13/2024 0:00,C0077,Air,Dammam,Abha,5,1858.95
S01410,7/21/2021 0:00,C0257,Air,Jeddah,Madinah,2,1890.06
S01411,9/30/2021 0:00,C0450,Sea,Dammam,Jeddah,6,1687.3
S01412,6/16/2023 0:00,C0259,Road,Dammam,Riyadh,4,1082.59
S01413,11/10/2022 0:00,C0030,Air,Riyadh,Jeddah,4,3286.25
S01414,8/21/2021 0:00,C0384,Road,Jeddah,Dammam,7,1092.62
S01415,4/16/2024 0:00,C0260,Sea,Dammam,Makkah,1,2772.12
S01416,11/14/2024 0:00,C0048,Sea,Riyadh,Jeddah,8,3924.24
S01417,10/20/2021 0:00,C0390,Road,Riyadh,Madinah,4,2758.07
S01418,12/12/2024 0:00,C0342,Road,Dammam,Abha,6,3406.87
S01419,9/1/2021 0:00,C0385,Air,Dammam,Riyadh,9,3178.62
S01420,8/21/2025 0:00,C0213,Air,Jeddah,Abha,9,4994.63
S01421,9/27/2023 0:00,C0412,Air,Riyadh,Madinah,10,549.38
S01422,11/5/2022 0:00,C0397,Road,Dammam,Jeddah,7,1470.24
S01423,5/8/2024 0:00,C0265,Air,Jeddah,Abha,7,2021.39
S01424,12/18/2022 0:00,C0451,Air,Jeddah,Makkah,2,452.51
S01425,8/7/2022 0:00,C0365,Air,Dammam,Abha,3,3017.62
S01426,10/22/2025 0:00,C0313,Sea,Jeddah,Makkah,5,1259.16
S01427,9/18/2021 0:00,C0028,Sea,Riyadh,Dammam,3,1038.97
S01428,1/9/2023 0:00,C0229,Air,Riyadh,Dammam,5,1129.06
S01429,11/28/2020 0:00,C0139,Sea,Dammam,Riyadh,9,1505.36
S01430,4/28/2023 0:00,C0306,Road,Riyadh,Jeddah,5,1440.85
S01431,10/24/2022 0:00,C0478,Sea,Dammam,Madinah,10,895.88
S01432,4/13/2023 0:00,C0154,Air,Riyadh,Abha,8,1044.72
S01433,5/6/2025 0:00,C0297,Air,Dammam,Madinah,6,1346.75
S01434,9/19/2025 0:00,C0473,Sea,Riyadh,Makkah,1,1164.08
S01435,12/28/2025 0:00,C0250,Air,Riyadh,Riyadh,10,1651.02
S01436,10/18/2022 0:00,C0159,Road,Riyadh,Madinah,6,4871.63
S01437,12/3/2022 0:00,C0244,Road,Riyadh,Jeddah,3,2192.27
S01438,2/29/2024 0:00,C0464,Sea,Jeddah,Abha,10,288.87
S01439,9/9/2021 0:00,C0168,Air,Dammam,Abha,1,1006.24
S01440,4/27/2021 0:00,C0324,Air,Jeddah,Dammam,6,4498.96
S01441,4/10/2023 0:00,C0013,Air,Jeddah,Makkah,5,1462.12
S01442,3/29/2022 0:00,C0474,Road,Dammam,Jeddah,1,2549.21
S01443,8/2/2025 0:00,C0400,Road,Dammam,Riyadh,2,4356.66
S01444,1/8/2024 0:00,C0226,Road,Jeddah,Riyadh,8,3776.9
S01445,5/10/2022 0:00,C0008,Sea,Jeddah,Madinah,3,3004.93
S01446,5/1/2022 0:00,C0264,Road,Dammam,Riyadh,2,4015.05
S01447,3/15/2021 0:00,C0404,Air,Jeddah,Dammam,10,1642.4
S01448,2/12/2024 0:00,C0392,Air,Riyadh,Jeddah,5,4971.65
S01449,1/14/2022 0:00,C0242,Air,Riyadh,Jeddah,7,4559.85
S01450,10/4/2020 0:00,C0022,Road,Dammam,Riyadh,1,1392.85
S01451,9/3/2022 0:00,C0138,Air,Riyadh,Makkah,1,1217.18
S01452,9/30/2025 0:00,C0474,Road,Jeddah,Dammam,7,161.14
S01453,9/9/2022 0:00,C0096,Sea,Dammam,Dammam,1,4218.79
S01454,3/29/2023 0:00,C0167,Air,Jeddah,Makkah,1,2258.36
S01455,12/30/2021 0:00,C0198,Sea,Riyadh,Makkah,7,3574.97
S01456,8/2/2025 0:00,C0150,Road,Jeddah,Abha,9,3681.05
S01457,7/28/2020 0:00,C0326,Sea,Riyadh,Madinah,2,2932.67
S01458,1/10/2021 0:00,C0293,Sea,Jeddah,Makkah,3,1817.76
S01459,2/7/2021 0:00,C0065,Road,Jeddah,Abha,4,1343.33
S01460,6/15/2025 0:00,C0461,Road,Jeddah,Abha,7,3595.79
S01461,2/3/2023 0:00,C0055,Air,Dammam,Riyadh,7,658.39
S01462,5/5/2025 0:00,C0437,Road,Riyadh,Dammam,4,2732.4
S01463,7/11/2025 0:00,C0038,Road,Riyadh,Makkah,5,4669.02
S01464,11/17/2023 0:00,C0383,Sea,Jeddah,Makkah,1,2573.88
S01465,12/28/2022 0:00,C0425,Air,Jeddah,Jeddah,4,2349.79
S01466,8/20/2021 0:00,C0219,Road,Jeddah,Madinah,4,4168.2
S01467,11/29/2025 0:00,C0194,Air,Riyadh,Abha,4,1267.51
S01468,5/24/2022 0:00,C0482,Air,Jeddah,Madinah,10,1069.41
S01469,7/17/2022 0:00,C0240,Sea,Riyadh,Makkah,10,4990.82
S01470,2/20/2022 0:00,C0001,Road,Riyadh,Madinah,8,274.83
S01471,3/3/2020 0:00,C0014,Air,Jeddah,Jeddah,5,745.72
S01472,11/19/2022 0:00,C0157,Air,Dammam,Abha,1,790.54
S01473,11/17/2021 0:00,C0020,Sea,Dammam,Jeddah,1,1366.42
S01474,1/20/2022 0:00,C0218,Air,Riyadh,Dammam,2,3860.54
S01475,10/18/2023 0:00,C0228,Road,Dammam,Abha,5,4480.77
S01476,8/12/2024 0:00,C0463,Sea,Riyadh,Dammam,9,2539.7
S01477,4/6/2022 0:00,C0017,Sea,Jeddah,Riyadh,6,4974.68
S01478,9/15/2023 0:00,C0009,Air,Jeddah,Abha,5,230.81
S01479,4/4/2020 0:00,C0006,Sea,Jeddah,Jeddah,1,2209.01
S01480,1/27/2025 0:00,C0322,Air,Jeddah,Riyadh,4,263.22
S01481,3/11/2021 0:00,C0453,Road,Dammam,Abha,4,4984.25
S01482,12/14/2021 0:00,C0043,Sea,Jeddah,Riyadh,6,3801.97
S01483,8/8/2023 0:00,C0073,Road,Dammam,Jeddah,6,2283.76
S01484,2/11/2021 0:00,C0080,Sea,Riyadh,Riyadh,6,2752.15
S01485,12/18/2024 0:00,C0193,Air,Dammam,Dammam,7,1293.85
S01486,6/12/2021 0:00,C0036,Sea,Jeddah,Madinah,1,1564.9
S01487,6/6/2022 0:00,C0241,Air,Dammam,Madinah,2,667.93
S01488,7/23/2022 0:00,C0101,Air,Jeddah,Riyadh,9,4703.08
S01489,10/31/2021 0:00,C0485,Sea,Riyadh,Riyadh,9,3734.06
S01490,10/11/2025 0:00,C0154,Sea,Riyadh,Makkah,10,4756.02
S01491,12/3/2023 0:00,C0067,Air,Riyadh,Jeddah,9,4019.42
S01492,10/13/2022 0:00,C0305,Air,Riyadh,Abha,1,3738.91
S01493,10/11/2025 0:00,C0243,Air,Riyadh,Jeddah,1,3870.01
S01494,4/21/2021 0:00,C0307,Air,Dammam,Makkah,8,4557.63
S01495,11/29/2025 0:00,C0355,Road,Jeddah,Makkah,7,4894.51
S01496,10/4/2020 0:00,C0475,Sea,Jeddah,Makkah,2,2484.54
S01497,6/6/2020 0:00,C0117,Air,Jeddah,Dammam,10,915.74
S01498,10/10/2021 0:00,C0001,Road,Dammam,Makkah,6,2159.46
S01499,12/27/2024 0:00,C0377,Air,Dammam,Jeddah,5,3012.48
S01500,8/21/2021 0:00,C0144,Air,Riyadh,Abha,8,2482.42
